occurrenceID,basisOfRecord,continent,countryCode,country,locality,lat,lon,geodeticDatum,coordinateUncertaintyInMeters,verbatimScientificName,kingdom,phylum,class,order,family,scientificName,genus,specificEpithet,infraspecificEpithet,acceptedNameUsage,scientificNameAuthorship,matchType,iucnStatus,vernacularName,taxonRank,count,year,month,day,roadID,roadType,surveyType,roadLength,initialRoadLatitude,initialRoadLongitude,finalRoadLatitude,finalRoadLongitude,surveyPeriod,startYear,finalYear,firstMonthOfTheYear,lastMonthOfTheYear,surveyFrequency,associatedReferences,associatedReferenceID,URL,recordedBy,season,is_highway,predicted_count,future_risk_score,danger_index
83043252-91c3-4ab4-9eff-959fcd3f0a0a,HumanObservation,Europe,PL,Poland,Wrocław,51.159653,16.877212,WGS84,900.0,Rana arvalis,Animalia,Chordata,Amphibia,Anura,Ranidae,Rana arvalis,Rana,arvalis,,"Rana arvalis Nilsson, 1842","Nilsson, 1842",EXACT,LC,Moor Frog,species,1,2002,1,,,paved (2 lanes),Systematic,1.8,51.147348,16.869902,51.162658,16.878348,638.0,2002.0,2004.0,10.0,6.0,1-30/month,Orłowski et al. 2008,142,https://www.infona.pl/resource/bwmeta1.element.agro-article-ad745e7a-993f-4354-bc6f-29fc1dfe5970,"Kolenda, K. | Kaczmarski, M.",Winter,0,57.66325902304711,57.66325902304711,100.0
d9e1e7ba-381d-4a12-829c-2689890b1417,HumanObservation,Europe,PL,Poland,Wrocław,51.159653,16.877212,WGS84,900.0,Hyla arborea,Animalia,Chordata,Amphibia,Anura,Hylidae,Hyla arborea,Hyla,arborea,,"Hyla arborea (Linnaeus, 1758)","(Linnaeus, 1758)",EXACT,LC,Japanese Treefrog,species,1,2002,1,,,paved (2 lanes),Systematic,1.8,51.147348,16.869902,51.162658,16.878348,638.0,2002.0,2004.0,10.0,6.0,1-30/month,Orłowski et al. 2008,142,https://www.infona.pl/resource/bwmeta1.element.agro-article-ad745e7a-993f-4354-bc6f-29fc1dfe5970,"Kolenda, K. | Kaczmarski, M.",Winter,0,57.66325902304711,57.66325902304711,100.0
0876ccd4-fc7e-445a-8c6d-c2f2fce20f0c,HumanObservation,Europe,PL,Poland,Tłumaczów,50.558789,16.433633,WGS84,30.0,Salamandra salamandra,Animalia,Chordata,Amphibia,Caudata,Salamandridae,Salamandra salamandra,Salamandra,salamandra,,"Salamandra salamandra (Linnaeus, 1758)","(Linnaeus, 1758)",EXACT,VU,Common Fire Salamander,species,2,2015,1,24.0,,paved (1 lane),Opportunistic,,,,,,,,,,,,,,,"Kolenda, K. | Kaczmarski, M.",Winter,0,34.754779139365255,34.754779139365255,100.0
ad9a7280-f80a-4075-89cd-ecdce795bf66,HumanObservation,Europe,PL,Poland,Jaskółki,51.704,17.727426,WGS84,50.0,Pelobates fuscus,Animalia,Chordata,Amphibia,Anura,Pelobatidae,Pelobates fuscus,Pelobates,fuscus,,"Pelobates fuscus (Laurenti, 1768)","(Laurenti, 1768)",EXACT,LC,Common Spadefoot,species,3,2012,1,1.0,,paved (2 lanes),Opportunistic,0.1,51.703648,17.727834,51.704433,17.726954,,,,,,,,,,"Kolenda, K. | Kaczmarski, M.",Winter,0,29.34911199635885,29.34911199635885,100.0
b8f9fd64-253a-44af-bfb9-41dfd24f5fe7,HumanObservation,Europe,PL,Poland,Domaszczyn Mały,51.181394,17.142661,WGS84,30.0,Pelophylax esculentus,Animalia,Chordata,Amphibia,Anura,Ranidae,Pelophylax lessonae,Pelophylax,lessonae,,"Pelophylax lessonae (Camerano, 1882)","(Camerano, 1882)",EXACT,LC,Pool Frog,species,1,2023,1,20.0,,paved (2 lanes),Opportunistic,,,,,,,,,,,,,,,"Kolenda, K. | Kaczmarski, M.",Winter,0,29.22640159638387,29.22640159638387,100.0
89ea19f7-8bd8-4d25-8f69-b46dd378191a,HumanObservation,Europe,RO,Romania,Pojejena,44.7825,21.467222,WGS84,30.0,Bufo bufo,Animalia,Chordata,Amphibia,Anura,Bufonidae,Bufo bufo,Bufo,bufo,,"Bufo bufo (Linnaeus, 1758)","(Linnaeus, 1758)",EXACT,LC,Common Toad,species,1,2019,1,,DN 57,paved (2 lanes),Systematic,0.5,44.7828,21.474173,44.78256,21.466946,12.0,2019.0,2020.0,3.0,2.0,1/month,Covaciu-Marcov et al. 2022,58,https://doi.org/10.1553/ECO.MONT-14-1S4,"Covaciu-Marcov, S.-D. | Ferenți, S. | Cupșa, D. | Cicort-Lucaciu, A-Ș. | Pop, D.-R.",Winter,0,15.434668632227694,15.434668632227694,100.0
603fbbbf-e37f-4147-847b-cc0fc66b144f,HumanObservation,Europe,RO,Romania,Pojejena,44.7825,21.467222,WGS84,30.0,Bufo bufo,Animalia,Chordata,Amphibia,Anura,Bufonidae,Bufo bufo,Bufo,bufo,,"Bufo bufo (Linnaeus, 1758)","(Linnaeus, 1758)",EXACT,LC,Common Toad,species,1,2019,1,,DN 57,paved (2 lanes),Systematic,0.5,44.7828,21.474173,44.78256,21.466946,12.0,2019.0,2020.0,3.0,2.0,1/month,Covaciu-Marcov et al. 2022,58,https://doi.org/10.1553/ECO.MONT-14-1S4,"Covaciu-Marcov, S.-D. | Ferenți, S. | Cupșa, D. | Cicort-Lucaciu, A-Ș. | Pop, D.-R.",Winter,0,15.434668632227694,15.434668632227694,100.0
1721da42-c034-43b1-835d-fa2ca996a31c,HumanObservation,Europe,RO,Romania,Șușca,44.779722,21.551389,WGS84,30.0,Bufo bufo,Animalia,Chordata,Amphibia,Anura,Bufonidae,Bufo bufo,Bufo,bufo,,"Bufo bufo (Linnaeus, 1758)","(Linnaeus, 1758)",EXACT,LC,Common Toad,species,2,2019,1,,DN 57,paved (2 lanes),Systematic,0.5,44.778495,21.554036,44.78094,21.548247,12.0,2019.0,2020.0,3.0,2.0,1/month,Covaciu-Marcov et al. 2022,58,https://doi.org/10.1553/ECO.MONT-14-1S4,"Covaciu-Marcov, S.-D. | Ferenți, S. | Cupșa, D. | Cicort-Lucaciu, A-Ș. | Pop, D.-R.",Winter,0,15.434668632227694,15.434668632227694,100.0
770b4797-7f0f-4fdf-9a4e-1fb904a15ae3,HumanObservation,Europe,RO,Romania,Pojejena,44.7825,21.467222,WGS84,30.0,Pelophylax ridibundus,Animalia,Chordata,Amphibia,Anura,Ranidae,Pelophylax ridibundus,Pelophylax,ridibundus,,"Pelophylax ridibundus (Pallas, 1771)","(Pallas, 1771)",EXACT,LC,Marsh Frog,species,1,2019,1,,DN 57,paved (2 lanes),Systematic,0.5,44.7828,21.474173,44.78256,21.466946,12.0,2019.0,2020.0,3.0,2.0,1/month,Covaciu-Marcov et al. 2022,58,https://doi.org/10.1553/ECO.MONT-14-1S4,"Covaciu-Marcov, S.-D. | Ferenți, S. | Cupșa, D. | Cicort-Lucaciu, A-Ș. | Pop, D.-R.",Winter,0,15.434668632227694,15.434668632227694,100.0
0724d8ea-8303-4338-82fb-5ead9b6551e4,HumanObservation,Europe,RO,Romania,Măcești,44.748333,21.611111,WGS84,30.0,Pelophylax ridibundus,Animalia,Chordata,Amphibia,Anura,Ranidae,Pelophylax ridibundus,Pelophylax,ridibundus,,"Pelophylax ridibundus (Pallas, 1771)","(Pallas, 1771)",EXACT,LC,Marsh Frog,species,1,2019,1,,DN 57,paved (2 lanes),Systematic,0.5,44.75154,21.608782,44.745815,21.612954,12.0,2019.0,2020.0,3.0,2.0,1/month,Covaciu-Marcov et al. 2022,58,https://doi.org/10.1553/ECO.MONT-14-1S4,"Covaciu-Marcov, S.-D. | Ferenți, S. | Cupșa, D. | Cicort-Lucaciu, A-Ș. | Pop, D.-R.",Winter,0,15.434668632227694,15.434668632227694,100.0
1697adad-2f23-436e-aab7-c2a0e16a7972,HumanObservation,Europe,RO,Romania,Măcești,44.748333,21.611111,WGS84,30.0,Pelophylax ridibundus,Animalia,Chordata,Amphibia,Anura,Ranidae,Pelophylax ridibundus,Pelophylax,ridibundus,,"Pelophylax ridibundus (Pallas, 1771)","(Pallas, 1771)",EXACT,LC,Marsh Frog,species,1,2019,1,,DN 57,paved (2 lanes),Systematic,0.5,44.75154,21.608782,44.745815,21.612954,12.0,2019.0,2020.0,3.0,2.0,1/month,Covaciu-Marcov et al. 2022,58,https://doi.org/10.1553/ECO.MONT-14-1S4,"Covaciu-Marcov, S.-D. | Ferenți, S. | Cupșa, D. | Cicort-Lucaciu, A-Ș. | Pop, D.-R.",Winter,0,15.434668632227694,15.434668632227694,100.0
ac2ea70e-7ad9-4f9f-be4e-d3945e533339,HumanObservation,Europe,RO,Romania,Măcești,44.748333,21.611111,WGS84,30.0,Pelophylax ridibundus,Animalia,Chordata,Amphibia,Anura,Ranidae,Pelophylax ridibundus,Pelophylax,ridibundus,,"Pelophylax ridibundus (Pallas, 1771)","(Pallas, 1771)",EXACT,LC,Marsh Frog,species,1,2019,1,,DN 57,paved (2 lanes),Systematic,0.5,44.75154,21.608782,44.745815,21.612954,12.0,2019.0,2020.0,3.0,2.0,1/month,Covaciu-Marcov et al. 2022,58,https://doi.org/10.1553/ECO.MONT-14-1S4,"Covaciu-Marcov, S.-D. | Ferenți, S. | Cupșa, D. | Cicort-Lucaciu, A-Ș. | Pop, D.-R.",Winter,0,15.434668632227694,15.434668632227694,100.0
67ca3313-56fb-416f-86e7-239a9eda6f18,HumanObservation,Europe,RO,Romania,Șușca,44.779722,21.551389,WGS84,30.0,Pelophylax ridibundus,Animalia,Chordata,Amphibia,Anura,Ranidae,Pelophylax ridibundus,Pelophylax,ridibundus,,"Pelophylax ridibundus (Pallas, 1771)","(Pallas, 1771)",EXACT,LC,Marsh Frog,species,1,2019,1,,DN 57,paved (2 lanes),Systematic,0.5,44.778495,21.554036,44.78094,21.548247,12.0,2019.0,2020.0,3.0,2.0,1/month,Covaciu-Marcov et al. 2022,58,https://doi.org/10.1553/ECO.MONT-14-1S4,"Covaciu-Marcov, S.-D. | Ferenți, S. | Cupșa, D. | Cicort-Lucaciu, A-Ș. | Pop, D.-R.",Winter,0,15.434668632227694,15.434668632227694,100.0
e53862f7-5273-4a32-babc-9d0077940696,HumanObservation,Europe,RO,Romania,Șușca,44.779722,21.551389,WGS84,30.0,Rana dalmatina,Animalia,Chordata,Amphibia,Anura,Ranidae,Rana dalmatina,Rana,dalmatina,,"Rana dalmatina Fitzinger, 1838","Fitzinger, 1838",EXACT,LC,Agile Frog,species,1,2019,1,,DN 57,paved (2 lanes),Systematic,0.5,44.778495,21.554036,44.78094,21.548247,12.0,2019.0,2020.0,3.0,2.0,1/month,Covaciu-Marcov et al. 2022,58,https://doi.org/10.1553/ECO.MONT-14-1S4,"Covaciu-Marcov, S.-D. | Ferenți, S. | Cupșa, D. | Cicort-Lucaciu, A-Ș. | Pop, D.-R.",Winter,0,15.434668632227694,15.434668632227694,100.0
080fef9a-fac3-4d61-abb8-ba2d61481cc1,HumanObservation,Europe,RO,Romania,Pojejena,44.7825,21.467222,WGS84,30.0,Rana dalmatina,Animalia,Chordata,Amphibia,Anura,Ranidae,Rana dalmatina,Rana,dalmatina,,"Rana dalmatina Fitzinger, 1838","Fitzinger, 1838",EXACT,LC,Agile Frog,species,2,2019,1,,DN 57,paved (2 lanes),Systematic,0.5,44.7828,21.474173,44.78256,21.466946,12.0,2019.0,2020.0,3.0,2.0,1/month,Covaciu-Marcov et al. 2022,58,https://doi.org/10.1553/ECO.MONT-14-1S4,"Covaciu-Marcov, S.-D. | Ferenți, S. | Cupșa, D. | Cicort-Lucaciu, A-Ș. | Pop, D.-R.",Winter,0,15.434668632227694,15.434668632227694,100.0
15b5117d-b0ed-4f72-8db0-21476b0c614f,HumanObservation,Europe,RO,Romania,Șușca,44.779722,21.551389,WGS84,30.0,Rana dalmatina,Animalia,Chordata,Amphibia,Anura,Ranidae,Rana dalmatina,Rana,dalmatina,,"Rana dalmatina Fitzinger, 1838","Fitzinger, 1838",EXACT,LC,Agile Frog,species,3,2019,1,,DN 57,paved (2 lanes),Systematic,0.5,44.778495,21.554036,44.78094,21.548247,12.0,2019.0,2020.0,3.0,2.0,1/month,Covaciu-Marcov et al. 2022,58,https://doi.org/10.1553/ECO.MONT-14-1S4,"Covaciu-Marcov, S.-D. | Ferenți, S. | Cupșa, D. | Cicort-Lucaciu, A-Ș. | Pop, D.-R.",Winter,0,15.434668632227694,15.434668632227694,100.0
807822f3-38ce-49bb-9f29-415814142efd,HumanObservation,Europe,RO,Romania,Pojejena,44.7825,21.467222,WGS84,30.0,Bufo bufo,Animalia,Chordata,Amphibia,Anura,Bufonidae,Bufo bufo,Bufo,bufo,,"Bufo bufo (Linnaeus, 1758)","(Linnaeus, 1758)",EXACT,LC,Common Toad,species,1,2019,1,,DN 57,paved (2 lanes),Systematic,0.5,44.7828,21.474173,44.78256,21.466946,12.0,2019.0,2020.0,3.0,2.0,1/month,Covaciu-Marcov et al. 2022,58,https://doi.org/10.1553/ECO.MONT-14-1S4,"Covaciu-Marcov, S.-D. | Ferenți, S. | Cupșa, D. | Cicort-Lucaciu, A-Ș. | Pop, D.-R.",Winter,0,15.434668632227694,15.434668632227694,100.0
cb9bb37b-26ca-4d3a-a52d-e596a6b7bfa5,HumanObservation,Europe,RO,Romania,Pojejena,44.7825,21.467222,WGS84,30.0,Bufo bufo,Animalia,Chordata,Amphibia,Anura,Bufonidae,Bufo bufo,Bufo,bufo,,"Bufo bufo (Linnaeus, 1758)","(Linnaeus, 1758)",EXACT,LC,Common Toad,species,1,2020,1,,DN 57,paved (2 lanes),Systematic,0.5,44.7828,21.474173,44.78256,21.466946,12.0,2019.0,2020.0,3.0,2.0,1/month,Covaciu-Marcov et al. 2022,58,https://doi.org/10.1553/ECO.MONT-14-1S4,"Covaciu-Marcov, S.-D. | Ferenți, S. | Cupșa, D. | Cicort-Lucaciu, A-Ș. | Pop, D.-R.",Winter,0,15.434668632227694,15.434668632227694,100.0
4599d508-bf7a-4157-a91b-6fc17da96875,HumanObservation,Europe,RO,Romania,Pojejena,44.7825,21.467222,WGS84,30.0,Bufo bufo,Animalia,Chordata,Amphibia,Anura,Bufonidae,Bufo bufo,Bufo,bufo,,"Bufo bufo (Linnaeus, 1758)","(Linnaeus, 1758)",EXACT,LC,Common Toad,species,1,2019,1,,DN 57,paved (2 lanes),Systematic,0.5,44.7828,21.474173,44.78256,21.466946,12.0,2019.0,2020.0,3.0,2.0,1/month,Covaciu-Marcov et al. 2022,58,https://doi.org/10.1553/ECO.MONT-14-1S4,"Covaciu-Marcov, S.-D. | Ferenți, S. | Cupșa, D. | Cicort-Lucaciu, A-Ș. | Pop, D.-R.",Winter,0,15.434668632227694,15.434668632227694,100.0
f5195569-f5a4-4530-859e-52869d51cf23,HumanObservation,Europe,RO,Romania,Măcești,44.748333,21.611111,WGS84,30.0,Bufo bufo,Animalia,Chordata,Amphibia,Anura,Bufonidae,Bufo bufo,Bufo,bufo,,"Bufo bufo (Linnaeus, 1758)","(Linnaeus, 1758)",EXACT,LC,Common Toad,species,1,2019,1,,DN 57,paved (2 lanes),Systematic,0.5,44.75154,21.608782,44.745815,21.612954,12.0,2019.0,2020.0,3.0,2.0,1/month,Covaciu-Marcov et al. 2022,58,https://doi.org/10.1553/ECO.MONT-14-1S4,"Covaciu-Marcov, S.-D. | Ferenți, S. | Cupșa, D. | Cicort-Lucaciu, A-Ș. | Pop, D.-R.",Winter,0,15.434668632227694,15.434668632227694,100.0
1f8b70a8-58c0-428f-af82-fadf404775d4,HumanObservation,Europe,RO,Romania,Măcești,44.748333,21.611111,WGS84,30.0,Lissotriton vulgaris,Animalia,Chordata,Amphibia,Caudata,Salamandridae,Lissotriton vulgaris,Lissotriton,vulgaris,,"Lissotriton vulgaris (Linnaeus, 1758)","(Linnaeus, 1758)",EXACT,LC,Smooth Newt,species,1,2019,1,,DN 57,paved (2 lanes),Systematic,0.5,44.75154,21.608782,44.745815,21.612954,12.0,2019.0,2020.0,3.0,2.0,1/month,Covaciu-Marcov et al. 2022,58,https://doi.org/10.1553/ECO.MONT-14-1S4,"Covaciu-Marcov, S.-D. | Ferenți, S. | Cupșa, D. | Cicort-Lucaciu, A-Ș. | Pop, D.-R.",Winter,0,15.434668632227694,15.434668632227694,100.0
3f330eaa-977f-4bc6-b437-7e3cc6627b2c,HumanObservation,Europe,RO,Romania,Măcești,44.748333,21.611111,WGS84,30.0,Bufo bufo,Animalia,Chordata,Amphibia,Anura,Bufonidae,Bufo bufo,Bufo,bufo,,"Bufo bufo (Linnaeus, 1758)","(Linnaeus, 1758)",EXACT,LC,Common Toad,species,1,2019,1,,DN 57,paved (2 lanes),Systematic,0.5,44.75154,21.608782,44.745815,21.612954,12.0,2019.0,2020.0,3.0,2.0,1/month,Covaciu-Marcov et al. 2022,58,https://doi.org/10.1553/ECO.MONT-14-1S4,"Covaciu-Marcov, S.-D. | Ferenți, S. | Cupșa, D. | Cicort-Lucaciu, A-Ș. | Pop, D.-R.",Winter,0,15.434668632227694,15.434668632227694,100.0
44b364f8-89c8-4a3e-a3e7-7df36ebc8544,HumanObservation,Europe,RO,Romania,Șușca,44.779722,21.551389,WGS84,30.0,Bufo bufo,Animalia,Chordata,Amphibia,Anura,Bufonidae,Bufo bufo,Bufo,bufo,,"Bufo bufo (Linnaeus, 1758)","(Linnaeus, 1758)",EXACT,LC,Common Toad,species,1,2019,1,,DN 57,paved (2 lanes),Systematic,0.5,44.778495,21.554036,44.78094,21.548247,12.0,2019.0,2020.0,3.0,2.0,1/month,Covaciu-Marcov et al. 2022,58,https://doi.org/10.1553/ECO.MONT-14-1S4,"Covaciu-Marcov, S.-D. | Ferenți, S. | Cupșa, D. | Cicort-Lucaciu, A-Ș. | Pop, D.-R.",Winter,0,15.434668632227694,15.434668632227694,100.0
31c94705-ed0d-4b8e-9e45-cbe2a1c2fde3,HumanObservation,Europe,RO,Romania,Șușca,44.779722,21.551389,WGS84,30.0,Bufo bufo,Animalia,Chordata,Amphibia,Anura,Bufonidae,Bufo bufo,Bufo,bufo,,"Bufo bufo (Linnaeus, 1758)","(Linnaeus, 1758)",EXACT,LC,Common Toad,species,1,2019,1,,DN 57,paved (2 lanes),Systematic,0.5,44.778495,21.554036,44.78094,21.548247,12.0,2019.0,2020.0,3.0,2.0,1/month,Covaciu-Marcov et al. 2022,58,https://doi.org/10.1553/ECO.MONT-14-1S4,"Covaciu-Marcov, S.-D. | Ferenți, S. | Cupșa, D. | Cicort-Lucaciu, A-Ș. | Pop, D.-R.",Winter,0,15.434668632227694,15.434668632227694,100.0
a6ab2ab6-93bd-4371-a20b-31b7c12b2e52,HumanObservation,Europe,RO,Romania,Șușca,44.779722,21.551389,WGS84,30.0,Pelophylax ridibundus,Animalia,Chordata,Amphibia,Anura,Ranidae,Pelophylax ridibundus,Pelophylax,ridibundus,,"Pelophylax ridibundus (Pallas, 1771)","(Pallas, 1771)",EXACT,LC,Marsh Frog,species,3,2019,1,,DN 57,paved (2 lanes),Systematic,0.5,44.778495,21.554036,44.48094,21.548247,12.0,2019.0,2020.0,3.0,2.0,1/month,Covaciu-Marcov et al. 2022,58,https://doi.org/10.1553/ECO.MONT-14-1S4,"Covaciu-Marcov, S.-D. | Ferenți, S. | Cupșa, D. | Cicort-Lucaciu, A-Ș. | Pop, D.-R.",Winter,0,15.434668632227694,15.434668632227694,100.0
9cd70dfa-975e-40b8-b29e-281ff9ea9e14,HumanObservation,Europe,RO,Romania,Pojejena,44.7825,21.467222,WGS84,30.0,Pelophylax ridibundus,Animalia,Chordata,Amphibia,Anura,Ranidae,Pelophylax ridibundus,Pelophylax,ridibundus,,"Pelophylax ridibundus (Pallas, 1771)","(Pallas, 1771)",EXACT,LC,Marsh Frog,species,1,2019,1,,DN 57,paved (2 lanes),Systematic,0.5,44.7828,21.474173,44.78256,21.466946,12.0,2019.0,2020.0,3.0,2.0,1/month,Covaciu-Marcov et al. 2022,58,https://doi.org/10.1553/ECO.MONT-14-1S4,"Covaciu-Marcov, S.-D. | Ferenți, S. | Cupșa, D. | Cicort-Lucaciu, A-Ș. | Pop, D.-R.",Winter,0,15.434668632227694,15.434668632227694,100.0
11ade4ad-b42b-4d07-8d3e-c3cff43dd32c,HumanObservation,Europe,RO,Romania,Măcești,44.748333,21.611111,WGS84,30.0,Bufo bufo,Animalia,Chordata,Amphibia,Anura,Bufonidae,Bufo bufo,Bufo,bufo,,"Bufo bufo (Linnaeus, 1758)","(Linnaeus, 1758)",EXACT,LC,Common Toad,species,2,2019,1,,DN 57,paved (2 lanes),Systematic,0.5,44.75154,21.608782,44.745815,21.612954,12.0,2019.0,2020.0,3.0,2.0,1/month,Covaciu-Marcov et al. 2022,58,https://doi.org/10.1553/ECO.MONT-14-1S4,"Covaciu-Marcov, S.-D. | Ferenți, S. | Cupșa, D. | Cicort-Lucaciu, A-Ș. | Pop, D.-R.",Winter,0,15.434668632227694,15.434668632227694,100.0
8e5ba136-7838-417b-88c2-76668177912a,HumanObservation,Europe,PL,Poland,Tłumaczów,50.559002,16.433826,WGS84,30.0,Coronella austriaca,Animalia,Chordata,Reptilia,Squamata,Colubridae,Coronella austriaca,Coronella,austriaca,,"Coronella austriaca Laurenti, 1768","Laurenti, 1768",EXACT,LC,Smooth Snake,species,1,2012,1,27.0,,paved (1 lane),Opportunistic,,,,,,,,,,,,Kaczmarski et al. 2015,91,https://rcin.org.pl/Content/125704/KR038_156749_r2015-t71-no1_ChPO-Kaczmarski-71-76.pdf,"Kolenda, K. | Kaczmarski, M.",Winter,0,15.386686671301835,15.386686671301835,100.0
fe84eae8-e47e-4bce-8d8d-3dfb30bc3410,HumanObservation,Europe,RO,Romania,Ulmu,44.891916,27.316349,WGS84,30.0,Bufotes viridis,Animalia,Chordata,Amphibia,Anura,Bufonidae,Bufotes viridis,Bufotes,viridis,,"Bufotes viridis (Laurenti, 1768)","(Laurenti, 1768)",EXACT,LC,Green Toad,species,1,2013,1,11.0,DC29,paved (2 lanes),Opportunistic,,,,,,,,,,,,,,,"Sahlean, T.C. | Gherghel, I. | Zaharia, R. | Gavril, V.D. | Melenciuc, R. | Stanciu, C.R. | Strugariu, A.",Winter,0,11.983223698139533,11.983223698139533,100.0
d7a7e97c-95d9-4fff-9523-129fbcda6e7a,HumanObservation,Europe,RO,Romania,Dudești,44.840632,27.423792,WGS84,30.0,Bufotes viridis,Animalia,Chordata,Amphibia,Anura,Bufonidae,Bufotes viridis,Bufotes,viridis,,"Bufotes viridis (Laurenti, 1768)","(Laurenti, 1768)",EXACT,LC,Green Toad,species,1,2018,1,20.0,DJ211,paved (2 lanes),Opportunistic,,,,,,,,,,,,,,,"Sahlean, T.C. | Gherghel, I. | Zaharia, R. | Gavril, V.D. | Melenciuc, R. | Stanciu, C.R. | Strugariu, A.",Winter,0,11.869425119794474,11.869425119794474,100.0
527854b9-4f07-410b-b28d-37b7295621c3,HumanObservation,Europe,RO,Romania,Pribeagu,44.862246,27.317945,WGS84,30.0,Pelobates balcanicus,Animalia,Chordata,Amphibia,Anura,Pelobatidae,Pelobates balcanicus,Pelobates,balcanicus,,"Pelobates balcanicus Karaman, 1928","Karaman, 1928",EXACT,LC,Balkan Spadefoot,species,1,2013,1,11.0,DC29,paved (2 lanes),Opportunistic,,,,,,,,,,,,,,,"Sahlean, T.C. | Gherghel, I. | Zaharia, R. | Gavril, V.D. | Melenciuc, R. | Stanciu, C.R. | Strugariu, A.",Winter,0,11.869425119794474,11.869425119794474,100.0
f5443576-73f1-433a-949f-afb2574ef5f8,HumanObservation,Europe,RO,Romania,Ulmu,44.886196,27.314356,WGS84,30.0,Bufotes viridis,Animalia,Chordata,Amphibia,Anura,Bufonidae,Bufotes viridis,Bufotes,viridis,,"Bufotes viridis (Laurenti, 1768)","(Laurenti, 1768)",EXACT,LC,Green Toad,species,1,2013,1,11.0,DC29,paved (2 lanes),Opportunistic,,,,,,,,,,,,,,,"Sahlean, T.C. | Gherghel, I. | Zaharia, R. | Gavril, V.D. | Melenciuc, R. | Stanciu, C.R. | Strugariu, A.",Winter,0,11.869425119794474,11.869425119794474,100.0
7398553b-e98f-4cce-a4ce-c98c11e735f8,HumanObservation,Europe,RO,Romania,Pribeagu,44.87899,27.311678,WGS84,30.0,Bufotes viridis,Animalia,Chordata,Amphibia,Anura,Bufonidae,Bufotes viridis,Bufotes,viridis,,"Bufotes viridis (Laurenti, 1768)","(Laurenti, 1768)",EXACT,LC,Green Toad,species,2,2013,1,11.0,DC29,paved (2 lanes),Opportunistic,,,,,,,,,,,,,,,"Sahlean, T.C. | Gherghel, I. | Zaharia, R. | Gavril, V.D. | Melenciuc, R. | Stanciu, C.R. | Strugariu, A.",Winter,0,11.869425119794474,11.869425119794474,100.0
73cb54b8-a4da-4e49-aace-b05e2e330b80,HumanObservation,Europe,CZ,Czechia,Nový Berštejn,50.55548028,14.54257222,WGS84,30.0,Bufo bufo,Animalia,Chordata,Amphibia,Anura,Bufonidae,Bufo bufo,Bufo,bufo,,"Bufo bufo (Linnaeus, 1758)","(Linnaeus, 1758)",EXACT,LC,Common Toad,species,1,2016,1,2.0,I/9,paved (2 lanes),Systematic,,,,,,,2014.0,2017.0,9.0,11.0,,Bíl et al. 2018,25,https://doi.org/10.1016/j.jenvman.2017.09.081,"Andrášik, R. | Bartonička, T. | Bíl, M. | Cícha, V. | Duľa, M. | Keken, Z. | Kubeček, J. | Kušta, T. | Sedoník, J.",Winter,0,11.774916569791547,11.774916569791547,100.0
e15e5b9b-6a80-46bd-84e9-5d16607151a6,HumanObservation,Europe,PL,Poland,Wojcieszów,50.9552,15.917028,WGS84,30.0,Vipera berus,Animalia,Chordata,Reptilia,Squamata,Viperidae,Vipera berus,Vipera,berus,,"Vipera berus (Linnaeus, 1758)","(Linnaeus, 1758)",EXACT,NT,Lotiev's Viper,species,1,2023,1,24.0,,paved (1 lane),Opportunistic,,,,,,,,,,,,,,,"Kolenda, K. | Kaczmarski, M.",Winter,0,10.473498775760682,10.473498775760682,100.0
68623e35-1ef8-4b6e-9444-371c2ab34b24,HumanObservation,Europe,CZ,Czechia,Nové Lesy,50.44063665,15.76511404,WGS84,30.0,Bufo bufo,Animalia,Chordata,Amphibia,Anura,Bufonidae,Bufo bufo,Bufo,bufo,,"Bufo bufo (Linnaeus, 1758)","(Linnaeus, 1758)",EXACT,LC,Common Toad,species,1,2015,1,30.0,III/30012,paved (2 lanes),Opportunistic,,,,,,,2014.0,2016.0,,,,Bíl et al. 2017,27,https://doi.org/10.1016/j.biocon.2017.07.012,"Andrášik, R. | Bartonička, T. | Bíl, M. | Cícha, V. | Duľa, M. | Keken, Z. | Kubeček, J. | Kušta, T. | Sedoník, J.",Winter,0,10.291454255364872,10.291454255364872,100.0
9fdf95a7-50cd-44a6-912b-b8617b020218,HumanObservation,Europe,PL,Poland,Trzcieliny,51.573396,17.788955,WGS84,30.0,Pelophylax esculentus,Animalia,Chordata,Amphibia,Anura,Ranidae,Pelophylax lessonae,Pelophylax,lessonae,,"Pelophylax lessonae (Camerano, 1882)","(Camerano, 1882)",EXACT,LC,Pool Frog,species,2,2018,1,10.0,,paved (1 lane),Opportunistic,,,,,,,,,,,,,,,"Kolenda, K. | Kaczmarski, M.",Winter,0,9.6915708473963,9.6915708473963,96.915708473963
a7a83c6f-ce01-44a6-9365-629c5a7778af,HumanObservation,Europe,PL,Poland,Trzcieliny,51.573476,17.788987,WGS84,30.0,Pelobates fuscus,Animalia,Chordata,Amphibia,Anura,Pelobatidae,Pelobates fuscus,Pelobates,fuscus,,"Pelobates fuscus (Laurenti, 1768)","(Laurenti, 1768)",EXACT,LC,Common Spadefoot,species,1,2018,1,10.0,,paved (1 lane),Opportunistic,,,,,,,,,,,,,,,"Kolenda, K. | Kaczmarski, M.",Winter,0,9.6915708473963,9.6915708473963,96.915708473963
5e2a992f-8406-41e6-8583-0e9c5b33fcf7,HumanObservation,Europe,SI,Slovenia,Grgelj,45.51277167,14.961705,WGS84,2.799999952,Bufo bufo,Animalia,Chordata,Amphibia,Anura,Bufonidae,Bufo bufo,Bufo,bufo,,"Bufo bufo (Linnaeus, 1758)","(Linnaeus, 1758)",EXACT,LC,Common Toad,species,1,2012,1,4.0,,paved (1 lane),Opportunistic,,,,,,,,,,,,,,,"Sillero, N. | Campos, J. | Garcia, N. | Silva, D.",Winter,0,9.357261094647946,9.357261094647946,93.57261094647946
b310d5f8-7ad8-4dd5-9659-6e02099167e1,HumanObservation,Europe,CZ,Czechia,Zájezd,50.38570185,16.03311192,WGS84,30.0,Phasianus colchicus,Animalia,Chordata,Aves,Galliformes,Phasianidae,Phasianus colchicus,Phasianus,colchicus,,"Phasianus colchicus Linnaeus, 1758","Linnaeus, 1758",EXACT,LC,Common Pheasant,species,1,2015,1,17.0,I/33,paved (2 lanes),Opportunistic,,,,,,,2014.0,2016.0,,,,Bíl et al. 2017,27,https://doi.org/10.1016/j.biocon.2017.07.012,"Andrášik, R. | Bartonička, T. | Bíl, M. | Cícha, V. | Duľa, M. | Keken, Z. | Kubeček, J. | Kušta, T. | Sedoník, J.",Winter,0,7.585511007752703,7.585511007752703,75.85511007752703
b2ec186e-24c6-445b-aa74-ce73d1c1c5a1,HumanObservation,Europe,RO,Romania,Radna,46.090884,21.681185,WGS84,30.0,Bufotes viridis,Animalia,Chordata,Amphibia,Anura,Bufonidae,Bufotes viridis,Bufotes,viridis,,"Bufotes viridis (Laurenti, 1768)","(Laurenti, 1768)",EXACT,LC,Green Toad,species,1,2023,1,26.0,Local road,unpaved,Opportunistic,,,,,,,,,,,,,,,"Covaciu-Marcov, S.-D. | Ferenți, S. | Cupșa, D. | Cicort-Lucaciu, A-Ș. | Pop, D.-R.",Winter,0,7.29983845810328,7.29983845810328,72.99838458103281
11c7069d-b45a-4154-ac84-62ca4191bdff,HumanObservation,Europe,RO,Romania,Finiș,46.623056,22.266667,WGS84,30.0,Rana dalmatina,Animalia,Chordata,Amphibia,Anura,Ranidae,Rana dalmatina,Rana,dalmatina,,"Rana dalmatina Fitzinger, 1838","Fitzinger, 1838",EXACT,LC,Agile Frog,species,2,2016,1,,Local road,paved (1 lane),Systematic,4.5,46.621944,22.292778,46.540556,22.247778,8.0,2016.0,2016.0,3.0,10.0,1/month,Ciolan et al. 2017,52,https://doi.org/10.1016/j.trd.2017.06.014,"Covaciu-Marcov, S.-D. | Ferenți, S. | Cupșa, D. | Cicort-Lucaciu, A-Ș. | Pop, D.-R.",Winter,0,7.204985012188274,7.204985012188274,72.04985012188274
cc9698ef-026a-4290-a54a-9bc933687f63,HumanObservation,Europe,RO,Romania,Finiș,46.620556,22.279167,WGS84,30.0,Rana temporaria,Animalia,Chordata,Amphibia,Anura,Ranidae,Rana temporaria,Rana,temporaria,,"Rana temporaria Linnaeus, 1758","Linnaeus, 1758",EXACT,LC,European Common Frog,species,2,2016,1,,Local road,paved (1 lane),Systematic,4.5,46.621944,22.292778,46.540556,22.247778,8.0,2016.0,2016.0,3.0,10.0,1/month,Ciolan et al. 2017,52,https://doi.org/10.1016/j.trd.2017.06.014,"Covaciu-Marcov, S.-D. | Ferenți, S. | Cupșa, D. | Cicort-Lucaciu, A-Ș. | Pop, D.-R.",Winter,0,7.204985012188274,7.204985012188274,72.04985012188274
24c1db36-8cbc-43d1-8b57-9eabdf70359f,HumanObservation,Europe,RO,Romania,Finiș,46.62,22.285,WGS84,30.0,Salamandra salamandra,Animalia,Chordata,Amphibia,Caudata,Salamandridae,Salamandra salamandra,Salamandra,salamandra,,"Salamandra salamandra (Linnaeus, 1758)","(Linnaeus, 1758)",EXACT,VU,Common Fire Salamander,species,1,2016,1,,Local road,paved (1 lane),Systematic,4.5,46.621944,22.292778,46.540556,22.247778,8.0,2016.0,2016.0,3.0,10.0,1/month,Ciolan et al. 2017,52,https://doi.org/10.1016/j.trd.2017.06.014,"Covaciu-Marcov, S.-D. | Ferenți, S. | Cupșa, D. | Cicort-Lucaciu, A-Ș. | Pop, D.-R.",Winter,0,7.204985012188274,7.204985012188274,72.04985012188274
0068224c-0964-4eb8-935b-2b136e41ce47,HumanObservation,Europe,RO,Romania,Finiș,46.620556,22.279167,WGS84,30.0,Salamandra salamandra,Animalia,Chordata,Amphibia,Caudata,Salamandridae,Salamandra salamandra,Salamandra,salamandra,,"Salamandra salamandra (Linnaeus, 1758)","(Linnaeus, 1758)",EXACT,VU,Common Fire Salamander,species,1,2016,1,,Local road,paved (1 lane),Systematic,4.5,46.621944,22.292778,46.540556,22.247778,8.0,2016.0,2016.0,3.0,10.0,1/month,Ciolan et al. 2017,52,https://doi.org/10.1016/j.trd.2017.06.014,"Covaciu-Marcov, S.-D. | Ferenți, S. | Cupșa, D. | Cicort-Lucaciu, A-Ș. | Pop, D.-R.",Winter,0,7.204985012188274,7.204985012188274,72.04985012188274
7ffdf18c-db96-48ab-a940-53d9b2faf836,HumanObservation,Europe,RO,Romania,Finiș,46.621944,22.275556,WGS84,30.0,Salamandra salamandra,Animalia,Chordata,Amphibia,Caudata,Salamandridae,Salamandra salamandra,Salamandra,salamandra,,"Salamandra salamandra (Linnaeus, 1758)","(Linnaeus, 1758)",EXACT,VU,Common Fire Salamander,species,2,2016,1,,Local road,paved (1 lane),Systematic,4.5,46.621944,22.292778,46.540556,22.247778,8.0,2016.0,2016.0,3.0,10.0,1/month,Ciolan et al. 2017,52,https://doi.org/10.1016/j.trd.2017.06.014,"Covaciu-Marcov, S.-D. | Ferenți, S. | Cupșa, D. | Cicort-Lucaciu, A-Ș. | Pop, D.-R.",Winter,0,7.204985012188274,7.204985012188274,72.04985012188274
0dbb0230-0db9-48c6-a66a-9ca7c7e09202,HumanObservation,Europe,RO,Romania,Finiș,46.623056,22.264444,WGS84,30.0,Bombina variegata,Animalia,Chordata,Amphibia,Anura,Bombinatoridae,Bombina variegata,Bombina,variegata,,"Bombina variegata (Linnaeus, 1758)","(Linnaeus, 1758)",EXACT,LC,Yellow–bellied Toad,species,2,2016,1,,Local road,paved (1 lane),Systematic,4.5,46.621944,22.292778,46.540556,22.247778,8.0,2016.0,2016.0,3.0,10.0,1/month,Ciolan et al. 2017,52,https://doi.org/10.1016/j.trd.2017.06.014,"Covaciu-Marcov, S.-D. | Ferenți, S. | Cupșa, D. | Cicort-Lucaciu, A-Ș. | Pop, D.-R.",Winter,0,7.204985012188274,7.204985012188274,72.04985012188274
1bab75d2-dcea-4e52-a6a5-d75b7aa70903,HumanObservation,Europe,RO,Romania,Finiș,46.620278,22.286111,WGS84,30.0,Bombina variegata,Animalia,Chordata,Amphibia,Anura,Bombinatoridae,Bombina variegata,Bombina,variegata,,"Bombina variegata (Linnaeus, 1758)","(Linnaeus, 1758)",EXACT,LC,Yellow–bellied Toad,species,2,2016,1,,Local road,paved (1 lane),Systematic,4.5,46.621944,22.292778,46.540556,22.247778,8.0,2016.0,2016.0,3.0,10.0,1/month,Ciolan et al. 2017,52,https://doi.org/10.1016/j.trd.2017.06.014,"Covaciu-Marcov, S.-D. | Ferenți, S. | Cupșa, D. | Cicort-Lucaciu, A-Ș. | Pop, D.-R.",Winter,0,7.204985012188274,7.204985012188274,72.04985012188274
b2a65112-b89a-4e26-8113-42a2fbd2b7c9,HumanObservation,Europe,RO,Romania,Finiș,46.622222,22.275833,WGS84,30.0,Lissotriton vulgaris,Animalia,Chordata,Amphibia,Caudata,Salamandridae,Lissotriton vulgaris,Lissotriton,vulgaris,,"Lissotriton vulgaris (Linnaeus, 1758)","(Linnaeus, 1758)",EXACT,LC,Smooth Newt,species,1,2016,1,,Local road,paved (1 lane),Systematic,4.5,46.621944,22.292778,46.540556,22.247778,8.0,2016.0,2016.0,3.0,10.0,1/month,Ciolan et al. 2017,52,https://doi.org/10.1016/j.trd.2017.06.014,"Covaciu-Marcov, S.-D. | Ferenți, S. | Cupșa, D. | Cicort-Lucaciu, A-Ș. | Pop, D.-R.",Winter,0,7.204985012188274,7.204985012188274,72.04985012188274
bce7669c-62ef-4311-9ff1-1d6dcb8b4ce8,HumanObservation,Europe,RO,Romania,Finiș,46.621944,22.275556,WGS84,30.0,Rana dalmatina,Animalia,Chordata,Amphibia,Anura,Ranidae,Rana dalmatina,Rana,dalmatina,,"Rana dalmatina Fitzinger, 1838","Fitzinger, 1838",EXACT,LC,Agile Frog,species,1,2016,1,,Local road,paved (1 lane),Systematic,4.5,46.621944,22.292778,46.540556,22.247778,8.0,2016.0,2016.0,3.0,10.0,1/month,Ciolan et al. 2017,52,https://doi.org/10.1016/j.trd.2017.06.014,"Covaciu-Marcov, S.-D. | Ferenți, S. | Cupșa, D. | Cicort-Lucaciu, A-Ș. | Pop, D.-R.",Winter,0,7.204985012188274,7.204985012188274,72.04985012188274
734dc52f-2412-4651-9945-b4b631648188,HumanObservation,Europe,RO,Romania,Finiș,46.619444,22.258889,WGS84,30.0,Rana dalmatina,Animalia,Chordata,Amphibia,Anura,Ranidae,Rana dalmatina,Rana,dalmatina,,"Rana dalmatina Fitzinger, 1838","Fitzinger, 1838",EXACT,LC,Agile Frog,species,1,2016,1,,Local road,paved (1 lane),Systematic,4.5,46.621944,22.292778,46.540556,22.247778,8.0,2016.0,2016.0,3.0,10.0,1/month,Ciolan et al. 2017,52,https://doi.org/10.1016/j.trd.2017.06.014,"Covaciu-Marcov, S.-D. | Ferenți, S. | Cupșa, D. | Cicort-Lucaciu, A-Ș. | Pop, D.-R.",Winter,0,7.204985012188274,7.204985012188274,72.04985012188274
e325c346-5b1c-407d-aa32-bbf1ebfdf761,HumanObservation,Europe,CZ,Czechia,Ludvíkovice,50.78824894,14.26823616,WGS84,30.0,Bufo bufo,Animalia,Chordata,Amphibia,Anura,Bufonidae,Bufo bufo,Bufo,bufo,,"Bufo bufo (Linnaeus, 1758)","(Linnaeus, 1758)",EXACT,LC,Common Toad,species,1,2016,1,2.0,I/13,paved (2 lanes),Opportunistic,,,,,,,2014.0,2016.0,,,,Bíl et al. 2017,27,https://doi.org/10.1016/j.biocon.2017.07.012,"Andrášik, R. | Bartonička, T. | Bíl, M. | Cícha, V. | Duľa, M. | Keken, Z. | Kubeček, J. | Kušta, T. | Sedoník, J.",Winter,0,7.066167488475023,7.066167488475023,70.66167488475024
fe8388d9-d1aa-4ff6-8580-23f6e56cda24,HumanObservation,Europe,RO,Romania,Dubova,44.596111,22.2525,WGS84,30.0,Bufo bufo,Animalia,Chordata,Amphibia,Anura,Bufonidae,Bufo bufo,Bufo,bufo,,"Bufo bufo (Linnaeus, 1758)","(Linnaeus, 1758)",EXACT,LC,Common Toad,species,1,2019,1,,DN 57,paved (2 lanes),Systematic,0.5,44.596818,22.252061,44.591709,22.254186,12.0,2019.0,2020.0,3.0,2.0,1/month,Covaciu-Marcov et al. 2022,58,https://doi.org/10.1553/ECO.MONT-14-1S4,"Covaciu-Marcov, S.-D. | Ferenți, S. | Cupșa, D. | Cicort-Lucaciu, A-Ș. | Pop, D.-R.",Winter,0,6.786829463051593,6.786829463051593,67.86829463051592
bd8e3247-07c6-4165-8164-027821a5486e,HumanObservation,Europe,RO,Romania,Orșova,44.725556,22.366389,WGS84,30.0,Bombina variegata,Animalia,Chordata,Amphibia,Anura,Bombinatoridae,Bombina variegata,Bombina,variegata,,"Bombina variegata (Linnaeus, 1758)","(Linnaeus, 1758)",EXACT,LC,Yellow–bellied Toad,species,1,2019,1,,DN 57,paved (2 lanes),Systematic,0.5,44.727477,22.366965,44.724559,22.362917,12.0,2019.0,2020.0,3.0,2.0,1/month,Covaciu-Marcov et al. 2022,58,https://doi.org/10.1553/ECO.MONT-14-1S4,"Covaciu-Marcov, S.-D. | Ferenți, S. | Cupșa, D. | Cicort-Lucaciu, A-Ș. | Pop, D.-R.",Winter,0,6.786829463051593,6.786829463051593,67.86829463051592
d43a0a02-1892-4e5b-abe4-9e44aad9da5c,HumanObservation,Europe,RO,Romania,Moldova Nouă,44.716389,21.660278,WGS84,30.0,Rana dalmatina,Animalia,Chordata,Amphibia,Anura,Ranidae,Rana dalmatina,Rana,dalmatina,,"Rana dalmatina Fitzinger, 1838","Fitzinger, 1838",EXACT,LC,Agile Frog,species,2,2019,1,,DN 57,paved (2 lanes),Systematic,0.5,44.713482,21.661905,44.718445,21.65927,12.0,2019.0,2020.0,3.0,2.0,1/month,Covaciu-Marcov et al. 2022,58,https://doi.org/10.1553/ECO.MONT-14-1S4,"Covaciu-Marcov, S.-D. | Ferenți, S. | Cupșa, D. | Cicort-Lucaciu, A-Ș. | Pop, D.-R.",Winter,0,6.786829463051593,6.786829463051593,67.86829463051592
9abfb756-9b28-43a2-b956-ec4512692c67,HumanObservation,Europe,RO,Romania,Dubova,44.596111,22.2525,WGS84,30.0,Bufo bufo,Animalia,Chordata,Amphibia,Anura,Bufonidae,Bufo bufo,Bufo,bufo,,"Bufo bufo (Linnaeus, 1758)","(Linnaeus, 1758)",EXACT,LC,Common Toad,species,1,2019,1,,DN 57,paved (2 lanes),Systematic,0.5,44.596818,22.252061,44.591709,22.254186,12.0,2019.0,2020.0,3.0,2.0,1/month,Covaciu-Marcov et al. 2022,58,https://doi.org/10.1553/ECO.MONT-14-1S4,"Covaciu-Marcov, S.-D. | Ferenți, S. | Cupșa, D. | Cicort-Lucaciu, A-Ș. | Pop, D.-R.",Winter,0,6.786829463051593,6.786829463051593,67.86829463051592
4131f576-34e3-4a88-98b2-8baa959e4f92,HumanObservation,Europe,RO,Romania,Orșova,44.725556,22.366389,WGS84,30.0,Rana dalmatina,Animalia,Chordata,Amphibia,Anura,Ranidae,Rana dalmatina,Rana,dalmatina,,"Rana dalmatina Fitzinger, 1838","Fitzinger, 1838",EXACT,LC,Agile Frog,species,1,2019,1,,DN 57,paved (2 lanes),Systematic,0.5,44.727477,22.366965,44.724559,22.362917,12.0,2019.0,2020.0,3.0,2.0,1/month,Covaciu-Marcov et al. 2022,58,https://doi.org/10.1553/ECO.MONT-14-1S4,"Covaciu-Marcov, S.-D. | Ferenți, S. | Cupșa, D. | Cicort-Lucaciu, A-Ș. | Pop, D.-R.",Winter,0,6.786829463051593,6.786829463051593,67.86829463051592
b0370433-09b3-4ccf-b533-68d2b4413ffd,HumanObservation,Europe,RO,Romania,Orșova,44.725556,22.366389,WGS84,30.0,Rana dalmatina,Animalia,Chordata,Amphibia,Anura,Ranidae,Rana dalmatina,Rana,dalmatina,,"Rana dalmatina Fitzinger, 1838","Fitzinger, 1838",EXACT,LC,Agile Frog,species,3,2019,1,,DN 57,paved (2 lanes),Systematic,0.5,44.727477,22.366965,44.724559,22.362917,12.0,2019.0,2020.0,3.0,2.0,1/month,Covaciu-Marcov et al. 2022,58,https://doi.org/10.1553/ECO.MONT-14-1S4,"Covaciu-Marcov, S.-D. | Ferenți, S. | Cupșa, D. | Cicort-Lucaciu, A-Ș. | Pop, D.-R.",Winter,0,6.786829463051593,6.786829463051593,67.86829463051592
97aca679-c288-4b29-a7b7-1ed099d37b78,HumanObservation,Europe,RO,Romania,Dubova,44.596111,22.2525,WGS84,30.0,Pelophylax ridibundus,Animalia,Chordata,Amphibia,Anura,Ranidae,Pelophylax ridibundus,Pelophylax,ridibundus,,"Pelophylax ridibundus (Pallas, 1771)","(Pallas, 1771)",EXACT,LC,Marsh Frog,species,1,2019,1,,DN 57,paved (2 lanes),Systematic,0.5,44.596818,22.252061,44.591709,22.254186,12.0,2019.0,2020.0,3.0,2.0,1/month,Covaciu-Marcov et al. 2022,58,https://doi.org/10.1553/ECO.MONT-14-1S4,"Covaciu-Marcov, S.-D. | Ferenți, S. | Cupșa, D. | Cicort-Lucaciu, A-Ș. | Pop, D.-R.",Winter,0,6.786829463051593,6.786829463051593,67.86829463051592
97b7e8d1-3ee3-48d3-9ef6-64de471c743e,HumanObservation,Europe,RO,Romania,Berzasca,44.616667,22.008056,WGS84,30.0,Pelophylax ridibundus,Animalia,Chordata,Amphibia,Anura,Ranidae,Pelophylax ridibundus,Pelophylax,ridibundus,,"Pelophylax ridibundus (Pallas, 1771)","(Pallas, 1771)",EXACT,LC,Marsh Frog,species,3,2019,1,,DN 57,paved (2 lanes),Systematic,0.5,44.610916,22.005873,44.617366,22.00859,12.0,2019.0,2020.0,3.0,2.0,1/month,Covaciu-Marcov et al. 2022,58,https://doi.org/10.1553/ECO.MONT-14-1S4,"Covaciu-Marcov, S.-D. | Ferenți, S. | Cupșa, D. | Cicort-Lucaciu, A-Ș. | Pop, D.-R.",Winter,0,6.786829463051593,6.786829463051593,67.86829463051592
f5237556-817b-45e3-8e1c-be5b17b33835,HumanObservation,Europe,RO,Romania,Liubcova,44.648611,21.931944,WGS84,30.0,Pelophylax ridibundus,Animalia,Chordata,Amphibia,Anura,Ranidae,Pelophylax ridibundus,Pelophylax,ridibundus,,"Pelophylax ridibundus (Pallas, 1771)","(Pallas, 1771)",EXACT,LC,Marsh Frog,species,1,2019,1,,DN 57,paved (2 lanes),Systematic,0.5,44.647755,21.935635,44.649727,21.928933,12.0,2019.0,2020.0,3.0,2.0,1/month,Covaciu-Marcov et al. 2022,58,https://doi.org/10.1553/ECO.MONT-14-1S4,"Covaciu-Marcov, S.-D. | Ferenți, S. | Cupșa, D. | Cicort-Lucaciu, A-Ș. | Pop, D.-R.",Winter,0,6.786829463051593,6.786829463051593,67.86829463051592
c5e62d61-6b9d-467e-b3ff-25fd34d94ba1,HumanObservation,Europe,RO,Romania,Liubcova,44.648611,21.931944,WGS84,30.0,Bufo bufo,Animalia,Chordata,Amphibia,Anura,Bufonidae,Bufo bufo,Bufo,bufo,,"Bufo bufo (Linnaeus, 1758)","(Linnaeus, 1758)",EXACT,LC,Common Toad,species,2,2019,1,,DN 57,paved (2 lanes),Systematic,0.5,44.647755,21.935635,44.649727,21.928933,12.0,2019.0,2020.0,3.0,2.0,1/month,Covaciu-Marcov et al. 2022,58,https://doi.org/10.1553/ECO.MONT-14-1S4,"Covaciu-Marcov, S.-D. | Ferenți, S. | Cupșa, D. | Cicort-Lucaciu, A-Ș. | Pop, D.-R.",Winter,0,6.786829463051593,6.786829463051593,67.86829463051592
a4d4979c-4d2e-4e83-83f8-6c439f0df6fa,HumanObservation,Europe,RO,Romania,Berzasca,44.616667,22.008056,WGS84,30.0,Bufo bufo,Animalia,Chordata,Amphibia,Anura,Bufonidae,Bufo bufo,Bufo,bufo,,"Bufo bufo (Linnaeus, 1758)","(Linnaeus, 1758)",EXACT,LC,Common Toad,species,3,2020,1,,DN 57,paved (2 lanes),Systematic,0.5,44.610916,22.005873,44.617366,22.00859,12.0,2019.0,2020.0,3.0,2.0,1/month,Covaciu-Marcov et al. 2022,58,https://doi.org/10.1553/ECO.MONT-14-1S4,"Covaciu-Marcov, S.-D. | Ferenți, S. | Cupșa, D. | Cicort-Lucaciu, A-Ș. | Pop, D.-R.",Winter,0,6.786829463051593,6.786829463051593,67.86829463051592
aef538c2-f770-468a-b7a7-7a8bfffd2454,HumanObservation,Europe,RO,Romania,Berzasca,44.616667,22.008056,WGS84,30.0,Bufo bufo,Animalia,Chordata,Amphibia,Anura,Bufonidae,Bufo bufo,Bufo,bufo,,"Bufo bufo (Linnaeus, 1758)","(Linnaeus, 1758)",EXACT,LC,Common Toad,species,1,2020,1,,DN 57,paved (2 lanes),Systematic,0.5,44.610916,22.005873,44.617366,22.00859,12.0,2019.0,2020.0,3.0,2.0,1/month,Covaciu-Marcov et al. 2022,58,https://doi.org/10.1553/ECO.MONT-14-1S4,"Covaciu-Marcov, S.-D. | Ferenți, S. | Cupșa, D. | Cicort-Lucaciu, A-Ș. | Pop, D.-R.",Winter,0,6.786829463051593,6.786829463051593,67.86829463051592
da169c37-3ce2-4210-9ac5-b300e0c4e9bc,HumanObservation,Europe,RO,Romania,Orșova,44.725556,22.366389,WGS84,30.0,Bufo bufo,Animalia,Chordata,Amphibia,Anura,Bufonidae,Bufo bufo,Bufo,bufo,,"Bufo bufo (Linnaeus, 1758)","(Linnaeus, 1758)",EXACT,LC,Common Toad,species,1,2019,1,,DN 57,paved (2 lanes),Systematic,0.5,44.727477,22.366965,44.724559,22.362917,12.0,2019.0,2020.0,3.0,2.0,1/month,Covaciu-Marcov et al. 2022,58,https://doi.org/10.1553/ECO.MONT-14-1S4,"Covaciu-Marcov, S.-D. | Ferenți, S. | Cupșa, D. | Cicort-Lucaciu, A-Ș. | Pop, D.-R.",Winter,0,6.786829463051593,6.786829463051593,67.86829463051592
68c1924e-87df-4e6b-bf38-363ca52bdbd4,HumanObservation,Europe,RO,Romania,Moldova Nouă,44.716389,21.660278,WGS84,30.0,Bufo bufo,Animalia,Chordata,Amphibia,Anura,Bufonidae,Bufo bufo,Bufo,bufo,,"Bufo bufo (Linnaeus, 1758)","(Linnaeus, 1758)",EXACT,LC,Common Toad,species,1,2019,1,,DN 57,paved (2 lanes),Systematic,0.5,44.713482,21.661905,44.718445,21.65927,12.0,2019.0,2020.0,3.0,2.0,1/month,Covaciu-Marcov et al. 2022,58,https://doi.org/10.1553/ECO.MONT-14-1S4,"Covaciu-Marcov, S.-D. | Ferenți, S. | Cupșa, D. | Cicort-Lucaciu, A-Ș. | Pop, D.-R.",Winter,0,6.786829463051593,6.786829463051593,67.86829463051592
26f94e18-047d-42bf-89f3-483d40c00efe,HumanObservation,Europe,RO,Romania,Orșova,44.723611,22.364444,WGS84,30.0,Lissotriton vulgaris,Animalia,Chordata,Amphibia,Caudata,Salamandridae,Lissotriton vulgaris,Lissotriton,vulgaris,,"Lissotriton vulgaris (Linnaeus, 1758)","(Linnaeus, 1758)",EXACT,LC,Smooth Newt,species,1,2019,1,,DN 57,paved (2 lanes),Systematic,0.5,44.727477,22.366965,44.724559,22.362917,12.0,2019.0,2020.0,3.0,2.0,1/month,Covaciu-Marcov et al. 2022,58,https://doi.org/10.1553/ECO.MONT-14-1S4,"Covaciu-Marcov, S.-D. | Ferenți, S. | Cupșa, D. | Cicort-Lucaciu, A-Ș. | Pop, D.-R.",Winter,0,6.786829463051593,6.786829463051593,67.86829463051592
35eb29b4-f81a-466a-aefd-dfd422bbd898,HumanObservation,Europe,RO,Romania,Berzasca,44.616667,22.008056,WGS84,30.0,Pelophylax ridibundus,Animalia,Chordata,Amphibia,Anura,Ranidae,Pelophylax ridibundus,Pelophylax,ridibundus,,"Pelophylax ridibundus (Pallas, 1771)","(Pallas, 1771)",EXACT,LC,Marsh Frog,species,1,2019,1,,DN 57,paved (2 lanes),Systematic,0.5,44.610916,22.005873,44.617366,22.00859,12.0,2019.0,2020.0,3.0,2.0,1/month,Covaciu-Marcov et al. 2022,58,https://doi.org/10.1553/ECO.MONT-14-1S4,"Covaciu-Marcov, S.-D. | Ferenți, S. | Cupșa, D. | Cicort-Lucaciu, A-Ș. | Pop, D.-R.",Winter,0,6.786829463051593,6.786829463051593,67.86829463051592
725d3fcb-ae1b-4577-86f0-af7195512bb9,HumanObservation,Europe,RO,Romania,Moldova Nouă,44.716389,21.660278,WGS84,30.0,Bufotes viridis,Animalia,Chordata,Amphibia,Anura,Bufonidae,Bufotes viridis,Bufotes,viridis,,"Bufotes viridis (Laurenti, 1768)","(Laurenti, 1768)",EXACT,LC,Green Toad,species,1,2019,1,,DN 57,paved (2 lanes),Systematic,0.5,44.713482,21.661905,44.718445,21.65927,12.0,2019.0,2020.0,3.0,2.0,1/month,Covaciu-Marcov et al. 2022,58,https://doi.org/10.1553/ECO.MONT-14-1S4,"Covaciu-Marcov, S.-D. | Ferenți, S. | Cupșa, D. | Cicort-Lucaciu, A-Ș. | Pop, D.-R.",Winter,0,6.786829463051593,6.786829463051593,67.86829463051592
df6bc39f-1bf6-4517-8cdc-0a6d0fe29fc0,HumanObservation,Europe,RO,Romania,Sichevița,44.665556,21.779722,WGS84,30.0,Bufo bufo,Animalia,Chordata,Amphibia,Anura,Bufonidae,Bufo bufo,Bufo,bufo,,"Bufo bufo (Linnaeus, 1758)","(Linnaeus, 1758)",EXACT,LC,Common Toad,species,1,2019,1,,DN 57,paved (2 lanes),Systematic,0.5,44.665576,21.784641,44.666242,21.777463,12.0,2019.0,2020.0,3.0,2.0,1/month,Covaciu-Marcov et al. 2022,58,https://doi.org/10.1553/ECO.MONT-14-1S4,"Covaciu-Marcov, S.-D. | Ferenți, S. | Cupșa, D. | Cicort-Lucaciu, A-Ș. | Pop, D.-R.",Winter,0,6.786829463051593,6.786829463051593,67.86829463051592
b9df351e-b2c8-4804-9ac5-6ca9978bc785,HumanObservation,Europe,RO,Romania,Eșelnița,44.651389,22.300278,WGS84,30.0,Bufo bufo,Animalia,Chordata,Amphibia,Anura,Bufonidae,Bufo bufo,Bufo,bufo,,"Bufo bufo (Linnaeus, 1758)","(Linnaeus, 1758)",EXACT,LC,Common Toad,species,2,2019,1,,DN 57,paved (2 lanes),Systematic,0.5,44.654187,22.300977,44.64913,22.299532,12.0,2019.0,2020.0,3.0,2.0,1/month,Covaciu-Marcov et al. 2022,58,https://doi.org/10.1553/ECO.MONT-14-1S4,"Covaciu-Marcov, S.-D. | Ferenți, S. | Cupșa, D. | Cicort-Lucaciu, A-Ș. | Pop, D.-R.",Winter,0,6.786829463051593,6.786829463051593,67.86829463051592
a1d10dad-0f86-4ce3-9a2f-f79945fb6516,HumanObservation,Europe,RO,Romania,Liubcova,44.648611,21.931944,WGS84,30.0,Bufo bufo,Animalia,Chordata,Amphibia,Anura,Bufonidae,Bufo bufo,Bufo,bufo,,"Bufo bufo (Linnaeus, 1758)","(Linnaeus, 1758)",EXACT,LC,Common Toad,species,2,2019,1,,DN 57,paved (2 lanes),Systematic,0.5,44.647755,21.935635,44.649727,21.928933,12.0,2019.0,2020.0,3.0,2.0,1/month,Covaciu-Marcov et al. 2022,58,https://doi.org/10.1553/ECO.MONT-14-1S4,"Covaciu-Marcov, S.-D. | Ferenți, S. | Cupșa, D. | Cicort-Lucaciu, A-Ș. | Pop, D.-R.",Winter,0,6.786829463051593,6.786829463051593,67.86829463051592
3c7b409b-4fb0-452a-aac9-f42d68fd44ee,HumanObservation,Europe,RO,Romania,Sfânta Elena,44.664167,21.699444,WGS84,30.0,Salamandra salamandra,Animalia,Chordata,Amphibia,Caudata,Salamandridae,Salamandra salamandra,Salamandra,salamandra,,"Salamandra salamandra (Linnaeus, 1758)","(Linnaeus, 1758)",EXACT,VU,Common Fire Salamander,species,2,2019,1,,DN 57,paved (2 lanes),Systematic,0.5,44.66206,21.705185,44.665443,21.699082,12.0,2019.0,2020.0,3.0,2.0,1/month,Covaciu-Marcov et al. 2022,58,https://doi.org/10.1553/ECO.MONT-14-1S4,"Covaciu-Marcov, S.-D. | Ferenți, S. | Cupșa, D. | Cicort-Lucaciu, A-Ș. | Pop, D.-R.",Winter,0,6.786829463051593,6.786829463051593,67.86829463051592
5af28ddc-2385-441d-bdc3-7bc04bb1248a,HumanObservation,Europe,RO,Romania,Orșova,44.725556,22.366389,WGS84,30.0,Triturus cristatus,Animalia,Chordata,Amphibia,Caudata,Salamandridae,Triturus cristatus,Triturus,cristatus,,"Triturus cristatus (Laurenti, 1768)","(Laurenti, 1768)",EXACT,LC,Great Crested Newt,species,1,2019,1,,DN 57,paved (2 lanes),Systematic,0.5,44.727477,22.366965,44.724559,22.362917,12.0,2019.0,2020.0,3.0,2.0,1/month,Covaciu-Marcov et al. 2022,58,https://doi.org/10.1553/ECO.MONT-14-1S4,"Covaciu-Marcov, S.-D. | Ferenți, S. | Cupșa, D. | Cicort-Lucaciu, A-Ș. | Pop, D.-R.",Winter,0,6.786829463051593,6.786829463051593,67.86829463051592
f9e58b7f-50b4-4c84-9324-165b137a8213,HumanObservation,Europe,RO,Romania,Dubova,44.596111,22.2525,WGS84,30.0,Salamandra salamandra,Animalia,Chordata,Amphibia,Caudata,Salamandridae,Salamandra salamandra,Salamandra,salamandra,,"Salamandra salamandra (Linnaeus, 1758)","(Linnaeus, 1758)",EXACT,VU,Common Fire Salamander,species,1,2019,1,,DN 57,paved (2 lanes),Systematic,0.5,44.596818,22.252061,44.591709,22.254186,12.0,2019.0,2020.0,3.0,2.0,1/month,Covaciu-Marcov et al. 2022,58,https://doi.org/10.1553/ECO.MONT-14-1S4,"Covaciu-Marcov, S.-D. | Ferenți, S. | Cupșa, D. | Cicort-Lucaciu, A-Ș. | Pop, D.-R.",Winter,0,6.786829463051593,6.786829463051593,67.86829463051592
8c412bb9-0b9a-44b7-8c8a-9a9c9707f378,HumanObservation,Europe,RO,Romania,Eșelnița,44.678889,22.330833,WGS84,30.0,Rana dalmatina,Animalia,Chordata,Amphibia,Anura,Ranidae,Rana dalmatina,Rana,dalmatina,,"Rana dalmatina Fitzinger, 1838","Fitzinger, 1838",EXACT,LC,Agile Frog,species,1,2019,1,,DN 57,paved (2 lanes),Systematic,0.5,44.68063,22.336835,44.677367,22.329403,12.0,2019.0,2020.0,3.0,2.0,1/month,Covaciu-Marcov et al. 2022,58,https://doi.org/10.1553/ECO.MONT-14-1S4,"Covaciu-Marcov, S.-D. | Ferenți, S. | Cupșa, D. | Cicort-Lucaciu, A-Ș. | Pop, D.-R.",Winter,0,6.786829463051593,6.786829463051593,67.86829463051592
fd25d18b-106f-42e8-80ed-544d70f30280,HumanObservation,Europe,RO,Romania,Sichevița,44.665556,21.779722,WGS84,30.0,Rana dalmatina,Animalia,Chordata,Amphibia,Anura,Ranidae,Rana dalmatina,Rana,dalmatina,,"Rana dalmatina Fitzinger, 1838","Fitzinger, 1838",EXACT,LC,Agile Frog,species,1,2019,1,,DN 57,paved (2 lanes),Systematic,0.5,44.665576,21.784641,44.666242,21.777463,12.0,2019.0,2020.0,3.0,2.0,1/month,Covaciu-Marcov et al. 2022,58,https://doi.org/10.1553/ECO.MONT-14-1S4,"Covaciu-Marcov, S.-D. | Ferenți, S. | Cupșa, D. | Cicort-Lucaciu, A-Ș. | Pop, D.-R.",Winter,0,6.786829463051593,6.786829463051593,67.86829463051592
1d489790-d5fa-45b5-ba02-1e9e7e19e5a0,HumanObservation,Europe,RO,Romania,Eșelnița,44.678889,22.330833,WGS84,30.0,Rana dalmatina,Animalia,Chordata,Amphibia,Anura,Ranidae,Rana dalmatina,Rana,dalmatina,,"Rana dalmatina Fitzinger, 1838","Fitzinger, 1838",EXACT,LC,Agile Frog,species,1,2019,1,,DN 57,paved (2 lanes),Systematic,0.5,44.68063,22.336835,44.677367,22.329403,12.0,2019.0,2020.0,3.0,2.0,1/month,Covaciu-Marcov et al. 2022,58,https://doi.org/10.1553/ECO.MONT-14-1S4,"Covaciu-Marcov, S.-D. | Ferenți, S. | Cupșa, D. | Cicort-Lucaciu, A-Ș. | Pop, D.-R.",Winter,0,6.786829463051593,6.786829463051593,67.86829463051592
13e3999b-673d-460e-b0fb-b1b4fe29cbb2,HumanObservation,Europe,RO,Romania,Sichevița,44.665556,21.779722,WGS84,30.0,Rana dalmatina,Animalia,Chordata,Amphibia,Anura,Ranidae,Rana dalmatina,Rana,dalmatina,,"Rana dalmatina Fitzinger, 1838","Fitzinger, 1838",EXACT,LC,Agile Frog,species,1,2019,1,,DN 57,paved (2 lanes),Systematic,0.5,44.665576,21.784641,44.666242,21.777463,12.0,2019.0,2020.0,3.0,2.0,1/month,Covaciu-Marcov et al. 2022,58,https://doi.org/10.1553/ECO.MONT-14-1S4,"Covaciu-Marcov, S.-D. | Ferenți, S. | Cupșa, D. | Cicort-Lucaciu, A-Ș. | Pop, D.-R.",Winter,0,6.786829463051593,6.786829463051593,67.86829463051592
09fca7c0-9dd4-4389-b735-911e9c5fa420,HumanObservation,Europe,RO,Romania,Sichevița,44.665556,21.779722,WGS84,30.0,Rana dalmatina,Animalia,Chordata,Amphibia,Anura,Ranidae,Rana dalmatina,Rana,dalmatina,,"Rana dalmatina Fitzinger, 1838","Fitzinger, 1838",EXACT,LC,Agile Frog,species,2,2019,1,,DN 57,paved (2 lanes),Systematic,0.5,44.665576,21.784641,44.666242,21.777463,12.0,2019.0,2020.0,3.0,2.0,1/month,Covaciu-Marcov et al. 2022,58,https://doi.org/10.1553/ECO.MONT-14-1S4,"Covaciu-Marcov, S.-D. | Ferenți, S. | Cupșa, D. | Cicort-Lucaciu, A-Ș. | Pop, D.-R.",Winter,0,6.786829463051593,6.786829463051593,67.86829463051592
1a2894a0-7157-4e6d-98f9-0dc0e1c4e4af,HumanObservation,Europe,RO,Romania,Dubova,44.596111,22.2525,WGS84,30.0,Rana dalmatina,Animalia,Chordata,Amphibia,Anura,Ranidae,Rana dalmatina,Rana,dalmatina,,"Rana dalmatina Fitzinger, 1838","Fitzinger, 1838",EXACT,LC,Agile Frog,species,2,2019,1,,DN 57,paved (2 lanes),Systematic,0.5,44.596818,22.252061,44.591709,22.254186,12.0,2019.0,2020.0,3.0,2.0,1/month,Covaciu-Marcov et al. 2022,58,https://doi.org/10.1553/ECO.MONT-14-1S4,"Covaciu-Marcov, S.-D. | Ferenți, S. | Cupșa, D. | Cicort-Lucaciu, A-Ș. | Pop, D.-R.",Winter,0,6.786829463051593,6.786829463051593,67.86829463051592
f787991e-b370-409e-aa59-bbdc65043f4c,HumanObservation,Europe,RO,Romania,Berzasca,44.616667,22.008056,WGS84,30.0,Rana dalmatina,Animalia,Chordata,Amphibia,Anura,Ranidae,Rana dalmatina,Rana,dalmatina,,"Rana dalmatina Fitzinger, 1838","Fitzinger, 1838",EXACT,LC,Agile Frog,species,2,2019,1,,DN 57,paved (2 lanes),Systematic,0.5,44.610916,22.005873,44.617366,22.00859,12.0,2019.0,2020.0,3.0,2.0,1/month,Covaciu-Marcov et al. 2022,58,https://doi.org/10.1553/ECO.MONT-14-1S4,"Covaciu-Marcov, S.-D. | Ferenți, S. | Cupșa, D. | Cicort-Lucaciu, A-Ș. | Pop, D.-R.",Winter,0,6.786829463051593,6.786829463051593,67.86829463051592
9c2e040d-3d55-4bc8-867b-6924f7e58a38,HumanObservation,Europe,RO,Romania,Dubova,44.596111,22.2525,WGS84,30.0,Rana dalmatina,Animalia,Chordata,Amphibia,Anura,Ranidae,Rana dalmatina,Rana,dalmatina,,"Rana dalmatina Fitzinger, 1838","Fitzinger, 1838",EXACT,LC,Agile Frog,species,2,2019,1,,DN 57,paved (2 lanes),Systematic,0.5,44.596818,22.252061,44.591709,22.254186,12.0,2019.0,2020.0,3.0,2.0,1/month,Covaciu-Marcov et al. 2022,58,https://doi.org/10.1553/ECO.MONT-14-1S4,"Covaciu-Marcov, S.-D. | Ferenți, S. | Cupșa, D. | Cicort-Lucaciu, A-Ș. | Pop, D.-R.",Winter,0,6.786829463051593,6.786829463051593,67.86829463051592
658bcf74-58ea-4d32-9d57-088ac3e35407,HumanObservation,Europe,RO,Romania,Sfânta Elena,44.664167,21.699444,WGS84,30.0,Salamandra salamandra,Animalia,Chordata,Amphibia,Caudata,Salamandridae,Salamandra salamandra,Salamandra,salamandra,,"Salamandra salamandra (Linnaeus, 1758)","(Linnaeus, 1758)",EXACT,VU,Common Fire Salamander,species,1,2019,1,,DN 57,paved (2 lanes),Systematic,0.5,44.66206,21.705185,44.665443,21.699082,12.0,2019.0,2020.0,3.0,2.0,1/month,Covaciu-Marcov et al. 2022,58,https://doi.org/10.1553/ECO.MONT-14-1S4,"Covaciu-Marcov, S.-D. | Ferenți, S. | Cupșa, D. | Cicort-Lucaciu, A-Ș. | Pop, D.-R.",Winter,0,6.786829463051593,6.786829463051593,67.86829463051592
d9f3cb2c-c5f8-4228-9531-128b61287870,HumanObservation,Europe,RO,Romania,Eșelnița,44.678889,22.330833,WGS84,30.0,Salamandra salamandra,Animalia,Chordata,Amphibia,Caudata,Salamandridae,Salamandra salamandra,Salamandra,salamandra,,"Salamandra salamandra (Linnaeus, 1758)","(Linnaeus, 1758)",EXACT,VU,Common Fire Salamander,species,1,2019,1,,DN 57,paved (2 lanes),Systematic,0.5,44.68063,22.336835,44.677367,22.329403,12.0,2019.0,2020.0,3.0,2.0,1/month,Covaciu-Marcov et al. 2022,58,https://doi.org/10.1553/ECO.MONT-14-1S4,"Covaciu-Marcov, S.-D. | Ferenți, S. | Cupșa, D. | Cicort-Lucaciu, A-Ș. | Pop, D.-R.",Winter,0,6.786829463051593,6.786829463051593,67.86829463051592
a5322f9f-351a-41e1-9dcf-a147feb03ffa,HumanObservation,Europe,RO,Romania,Dubova,44.596111,22.2525,WGS84,30.0,Salamandra salamandra,Animalia,Chordata,Amphibia,Caudata,Salamandridae,Salamandra salamandra,Salamandra,salamandra,,"Salamandra salamandra (Linnaeus, 1758)","(Linnaeus, 1758)",EXACT,VU,Common Fire Salamander,species,1,2020,1,,DN 57,paved (2 lanes),Systematic,0.5,44.596818,22.252061,44.591709,22.254186,12.0,2019.0,2020.0,3.0,2.0,1/month,Covaciu-Marcov et al. 2022,58,https://doi.org/10.1553/ECO.MONT-14-1S4,"Covaciu-Marcov, S.-D. | Ferenți, S. | Cupșa, D. | Cicort-Lucaciu, A-Ș. | Pop, D.-R.",Winter,0,6.786829463051593,6.786829463051593,67.86829463051592
0daadb8a-1b5a-4ba2-b4dc-750aad89a016,HumanObservation,Europe,RO,Romania,Dubova,44.596111,22.2525,WGS84,30.0,Rana temporaria,Animalia,Chordata,Amphibia,Anura,Ranidae,Rana temporaria,Rana,temporaria,,"Rana temporaria Linnaeus, 1758","Linnaeus, 1758",EXACT,LC,European Common Frog,species,1,2019,1,,DN 57,paved (2 lanes),Systematic,0.5,44.596818,22.252061,44.591709,22.254186,12.0,2019.0,2020.0,3.0,2.0,1/month,Covaciu-Marcov et al. 2022,58,https://doi.org/10.1553/ECO.MONT-14-1S4,"Covaciu-Marcov, S.-D. | Ferenți, S. | Cupșa, D. | Cicort-Lucaciu, A-Ș. | Pop, D.-R.",Winter,0,6.786829463051593,6.786829463051593,67.86829463051592
b2e7c909-ae16-4bfe-9f26-578d34ee0fd9,HumanObservation,Europe,RO,Romania,Berzasca,44.616667,22.008056,WGS84,30.0,Pelophylax ridibundus,Animalia,Chordata,Amphibia,Anura,Ranidae,Pelophylax ridibundus,Pelophylax,ridibundus,,"Pelophylax ridibundus (Pallas, 1771)","(Pallas, 1771)",EXACT,LC,Marsh Frog,species,2,2019,1,,DN 57,paved (2 lanes),Systematic,0.5,44.610916,22.005873,44.617366,22.00859,12.0,2019.0,2020.0,3.0,2.0,1/month,Covaciu-Marcov et al. 2022,58,https://doi.org/10.1553/ECO.MONT-14-1S4,"Covaciu-Marcov, S.-D. | Ferenți, S. | Cupșa, D. | Cicort-Lucaciu, A-Ș. | Pop, D.-R.",Winter,0,6.786829463051593,6.786829463051593,67.86829463051592
0ba0f56f-f327-469e-82be-70a9bdf5fd0d,HumanObservation,Europe,RO,Romania,Eșelnița,44.678889,22.330833,WGS84,30.0,Hyla arborea,Animalia,Chordata,Amphibia,Anura,Hylidae,Hyla arborea,Hyla,arborea,,"Hyla arborea (Linnaeus, 1758)","(Linnaeus, 1758)",EXACT,LC,Japanese Treefrog,species,1,2019,1,,DN 57,paved (2 lanes),Systematic,0.5,44.68063,22.336835,44.677367,22.329403,12.0,2019.0,2020.0,3.0,2.0,1/month,Covaciu-Marcov et al. 2022,58,https://doi.org/10.1553/ECO.MONT-14-1S4,"Covaciu-Marcov, S.-D. | Ferenți, S. | Cupșa, D. | Cicort-Lucaciu, A-Ș. | Pop, D.-R.",Winter,0,6.786829463051593,6.786829463051593,67.86829463051592
94b2ca5c-7d72-4daf-9284-b5b0e1d2c622,HumanObservation,Europe,RO,Romania,Moldova Nouă,44.716389,21.660278,WGS84,30.0,Pelobates fuscus,Animalia,Chordata,Amphibia,Anura,Pelobatidae,Pelobates fuscus,Pelobates,fuscus,,"Pelobates fuscus (Laurenti, 1768)","(Laurenti, 1768)",EXACT,LC,Common Spadefoot,species,1,2019,1,,DN 57,paved (2 lanes),Systematic,0.5,44.713482,21.661905,44.718445,21.65927,12.0,2019.0,2020.0,3.0,2.0,1/month,Covaciu-Marcov et al. 2022,58,https://doi.org/10.1553/ECO.MONT-14-1S4,"Covaciu-Marcov, S.-D. | Ferenți, S. | Cupșa, D. | Cicort-Lucaciu, A-Ș. | Pop, D.-R.",Winter,0,6.786829463051593,6.786829463051593,67.86829463051592
6cf1c5b5-4f87-4b66-94fa-71d231d7067e,HumanObservation,Europe,RO,Romania,Orșova,44.725556,22.366389,WGS84,30.0,Lissotriton vulgaris,Animalia,Chordata,Amphibia,Caudata,Salamandridae,Lissotriton vulgaris,Lissotriton,vulgaris,,"Lissotriton vulgaris (Linnaeus, 1758)","(Linnaeus, 1758)",EXACT,LC,Smooth Newt,species,1,2019,1,,DN 57,paved (2 lanes),Systematic,0.5,44.727477,22.366965,44.724559,22.362917,12.0,2019.0,2020.0,3.0,2.0,1/month,Covaciu-Marcov et al. 2022,58,https://doi.org/10.1553/ECO.MONT-14-1S4,"Covaciu-Marcov, S.-D. | Ferenți, S. | Cupșa, D. | Cicort-Lucaciu, A-Ș. | Pop, D.-R.",Winter,0,6.786829463051593,6.786829463051593,67.86829463051592
41503411-ad8a-42ea-a3a1-b7141b2df477,HumanObservation,Europe,RO,Romania,Liubcova,44.648611,21.931944,WGS84,30.0,Pelophylax ridibundus,Animalia,Chordata,Amphibia,Anura,Ranidae,Pelophylax ridibundus,Pelophylax,ridibundus,,"Pelophylax ridibundus (Pallas, 1771)","(Pallas, 1771)",EXACT,LC,Marsh Frog,species,3,2019,1,,DN 57,paved (2 lanes),Systematic,0.5,44.647755,21.935635,44.649727,21.928933,12.0,2019.0,2020.0,3.0,2.0,1/month,Covaciu-Marcov et al. 2022,58,https://doi.org/10.1553/ECO.MONT-14-1S4,"Covaciu-Marcov, S.-D. | Ferenți, S. | Cupșa, D. | Cicort-Lucaciu, A-Ș. | Pop, D.-R.",Winter,0,6.786829463051593,6.786829463051593,67.86829463051592
4d25d652-c3bd-4db3-a3a4-9d592c4c072e,HumanObservation,Europe,RO,Romania,Sichevița,44.665556,21.779722,WGS84,30.0,Lissotriton vulgaris,Animalia,Chordata,Amphibia,Caudata,Salamandridae,Lissotriton vulgaris,Lissotriton,vulgaris,,"Lissotriton vulgaris (Linnaeus, 1758)","(Linnaeus, 1758)",EXACT,LC,Smooth Newt,species,1,2019,1,,DN 57,paved (2 lanes),Systematic,0.5,44.665576,21.784641,44.666242,21.777463,12.0,2019.0,2020.0,3.0,2.0,1/month,Covaciu-Marcov et al. 2022,58,https://doi.org/10.1553/ECO.MONT-14-1S4,"Covaciu-Marcov, S.-D. | Ferenți, S. | Cupșa, D. | Cicort-Lucaciu, A-Ș. | Pop, D.-R.",Winter,0,6.786829463051593,6.786829463051593,67.86829463051592
ded1b9b3-66ca-4d59-9d43-39b4fdb024c9,HumanObservation,Europe,RO,Romania,Dubova,44.596111,22.2525,WGS84,30.0,Rana dalmatina,Animalia,Chordata,Amphibia,Anura,Ranidae,Rana dalmatina,Rana,dalmatina,,"Rana dalmatina Fitzinger, 1838","Fitzinger, 1838",EXACT,LC,Agile Frog,species,1,2019,1,,DN 57,paved (2 lanes),Systematic,0.5,44.596818,22.252061,44.591709,22.254186,12.0,2019.0,2020.0,3.0,2.0,1/month,Covaciu-Marcov et al. 2022,58,https://doi.org/10.1553/ECO.MONT-14-1S4,"Covaciu-Marcov, S.-D. | Ferenți, S. | Cupșa, D. | Cicort-Lucaciu, A-Ș. | Pop, D.-R.",Winter,0,6.786829463051593,6.786829463051593,67.86829463051592
7614614a-8776-42f7-ba5b-8a9d78906346,HumanObservation,Europe,RO,Romania,Dubova,44.596111,22.2525,WGS84,30.0,Rana dalmatina,Animalia,Chordata,Amphibia,Anura,Ranidae,Rana dalmatina,Rana,dalmatina,,"Rana dalmatina Fitzinger, 1838","Fitzinger, 1838",EXACT,LC,Agile Frog,species,1,2019,1,,DN 57,paved (2 lanes),Systematic,0.5,44.596818,22.252061,44.591709,22.254186,12.0,2019.0,2020.0,3.0,2.0,1/month,Covaciu-Marcov et al. 2022,58,https://doi.org/10.1553/ECO.MONT-14-1S4,"Covaciu-Marcov, S.-D. | Ferenți, S. | Cupșa, D. | Cicort-Lucaciu, A-Ș. | Pop, D.-R.",Winter,0,6.786829463051593,6.786829463051593,67.86829463051592
d8d37465-2838-4cbf-834d-61a13901743c,HumanObservation,Europe,RS,Serbia,Golubinje,44.584722,22.2525,WGS84,30.0,Rana dalmatina,Animalia,Chordata,Amphibia,Anura,Ranidae,Rana dalmatina,Rana,dalmatina,,"Rana dalmatina Fitzinger, 1838","Fitzinger, 1838",EXACT,LC,Agile Frog,species,1,2019,1,,DN 57,paved (2 lanes),Systematic,0.5,44.596818,22.252061,44.591709,22.254186,12.0,2019.0,2020.0,3.0,2.0,1/month,Covaciu-Marcov et al. 2022,58,https://doi.org/10.1553/ECO.MONT-14-1S4,"Covaciu-Marcov, S.-D. | Ferenți, S. | Cupșa, D. | Cicort-Lucaciu, A-Ș. | Pop, D.-R.",Winter,0,6.786829463051593,6.786829463051593,67.86829463051592
e2cfe9f8-af25-45f5-a5e9-a7df9cd6d808,HumanObservation,Europe,RO,Romania,Liubcova,44.648611,21.931944,WGS84,30.0,Pelophylax ridibundus,Animalia,Chordata,Amphibia,Anura,Ranidae,Pelophylax ridibundus,Pelophylax,ridibundus,,"Pelophylax ridibundus (Pallas, 1771)","(Pallas, 1771)",EXACT,LC,Marsh Frog,species,3,2019,1,,DN 57,paved (2 lanes),Systematic,0.5,44.647755,21.935635,44.649727,21.928933,12.0,2019.0,2020.0,3.0,2.0,1/month,Covaciu-Marcov et al. 2022,58,https://doi.org/10.1553/ECO.MONT-14-1S4,"Covaciu-Marcov, S.-D. | Ferenți, S. | Cupșa, D. | Cicort-Lucaciu, A-Ș. | Pop, D.-R.",Winter,0,6.786829463051593,6.786829463051593,67.86829463051592
70cc0662-e25a-4b74-9641-2beb52ee91bb,HumanObservation,Europe,RO,Romania,Liubcova,44.648611,21.931944,WGS84,30.0,Pelophylax ridibundus,Animalia,Chordata,Amphibia,Anura,Ranidae,Pelophylax ridibundus,Pelophylax,ridibundus,,"Pelophylax ridibundus (Pallas, 1771)","(Pallas, 1771)",EXACT,LC,Marsh Frog,species,3,2019,1,,DN 57,paved (2 lanes),Systematic,0.5,44.647755,21.935635,44.649727,21.928933,12.0,2019.0,2020.0,3.0,2.0,1/month,Covaciu-Marcov et al. 2022,58,https://doi.org/10.1553/ECO.MONT-14-1S4,"Covaciu-Marcov, S.-D. | Ferenți, S. | Cupșa, D. | Cicort-Lucaciu, A-Ș. | Pop, D.-R.",Winter,0,6.786829463051593,6.786829463051593,67.86829463051592
53c89bef-96fb-4eb5-8195-000a5db5f18a,HumanObservation,Europe,RO,Romania,Moldova Nouă,44.716389,21.660278,WGS84,30.0,Pelophylax ridibundus,Animalia,Chordata,Amphibia,Anura,Ranidae,Pelophylax ridibundus,Pelophylax,ridibundus,,"Pelophylax ridibundus (Pallas, 1771)","(Pallas, 1771)",EXACT,LC,Marsh Frog,species,2,2019,1,,DN 57,paved (2 lanes),Systematic,0.5,44.713482,21.661905,44.718445,21.65927,12.0,2019.0,2020.0,3.0,2.0,1/month,Covaciu-Marcov et al. 2022,58,https://doi.org/10.1553/ECO.MONT-14-1S4,"Covaciu-Marcov, S.-D. | Ferenți, S. | Cupșa, D. | Cicort-Lucaciu, A-Ș. | Pop, D.-R.",Winter,0,6.786829463051593,6.786829463051593,67.86829463051592
3015628f-5a3c-43cb-95e7-223e8ef0139c,HumanObservation,Europe,RO,Romania,Eșelnița,44.678889,22.330833,WGS84,30.0,Pelophylax ridibundus,Animalia,Chordata,Amphibia,Anura,Ranidae,Pelophylax ridibundus,Pelophylax,ridibundus,,"Pelophylax ridibundus (Pallas, 1771)","(Pallas, 1771)",EXACT,LC,Marsh Frog,species,1,2019,1,,DN 57,paved (2 lanes),Systematic,0.5,44.68063,22.336835,44.677367,22.329403,12.0,2019.0,2020.0,3.0,2.0,1/month,Covaciu-Marcov et al. 2022,58,https://doi.org/10.1553/ECO.MONT-14-1S4,"Covaciu-Marcov, S.-D. | Ferenți, S. | Cupșa, D. | Cicort-Lucaciu, A-Ș. | Pop, D.-R.",Winter,0,6.786829463051593,6.786829463051593,67.86829463051592
cc0b4205-01bb-44bc-a23a-8498250e72ea,HumanObservation,Europe,RO,Romania,Sfânta Elena,44.664167,21.699444,WGS84,30.0,Pelophylax ridibundus,Animalia,Chordata,Amphibia,Anura,Ranidae,Pelophylax ridibundus,Pelophylax,ridibundus,,"Pelophylax ridibundus (Pallas, 1771)","(Pallas, 1771)",EXACT,LC,Marsh Frog,species,1,2019,1,,DN 57,paved (2 lanes),Systematic,0.5,44.66206,21.705185,44.665443,21.699082,12.0,2019.0,2020.0,3.0,2.0,1/month,Covaciu-Marcov et al. 2022,58,https://doi.org/10.1553/ECO.MONT-14-1S4,"Covaciu-Marcov, S.-D. | Ferenți, S. | Cupșa, D. | Cicort-Lucaciu, A-Ș. | Pop, D.-R.",Winter,0,6.786829463051593,6.786829463051593,67.86829463051592
9be7aa33-33a0-43de-a8d9-35518bafa213,HumanObservation,Europe,RO,Romania,Eșelnița,44.651389,22.300278,WGS84,30.0,Pelophylax ridibundus,Animalia,Chordata,Amphibia,Anura,Ranidae,Pelophylax ridibundus,Pelophylax,ridibundus,,"Pelophylax ridibundus (Pallas, 1771)","(Pallas, 1771)",EXACT,LC,Marsh Frog,species,1,2019,1,,DN 57,paved (2 lanes),Systematic,0.5,44.654187,22.300977,44.64913,22.299532,12.0,2019.0,2020.0,3.0,2.0,1/month,Covaciu-Marcov et al. 2022,58,https://doi.org/10.1553/ECO.MONT-14-1S4,"Covaciu-Marcov, S.-D. | Ferenți, S. | Cupșa, D. | Cicort-Lucaciu, A-Ș. | Pop, D.-R.",Winter,0,6.786829463051593,6.786829463051593,67.86829463051592
39ee58c7-a904-480f-922d-311709d99474,HumanObservation,Europe,RO,Romania,Sichevița,44.665556,21.779722,WGS84,30.0,Pelophylax ridibundus,Animalia,Chordata,Amphibia,Anura,Ranidae,Pelophylax ridibundus,Pelophylax,ridibundus,,"Pelophylax ridibundus (Pallas, 1771)","(Pallas, 1771)",EXACT,LC,Marsh Frog,species,3,2020,1,,DN 57,paved (2 lanes),Systematic,0.5,44.665576,21.784641,44.666242,21.777463,12.0,2019.0,2020.0,3.0,2.0,1/month,Covaciu-Marcov et al. 2022,58,https://doi.org/10.1553/ECO.MONT-14-1S4,"Covaciu-Marcov, S.-D. | Ferenți, S. | Cupșa, D. | Cicort-Lucaciu, A-Ș. | Pop, D.-R.",Winter,0,6.786829463051593,6.786829463051593,67.86829463051592
55e3a9c6-3889-4d0b-8c0b-c21febbbcad3,HumanObservation,Europe,RO,Romania,Sfânta Elena,44.664167,21.699444,WGS84,30.0,Pelophylax ridibundus,Animalia,Chordata,Amphibia,Anura,Ranidae,Pelophylax ridibundus,Pelophylax,ridibundus,,"Pelophylax ridibundus (Pallas, 1771)","(Pallas, 1771)",EXACT,LC,Marsh Frog,species,3,2019,1,,DN 57,paved (2 lanes),Systematic,0.5,44.66206,21.705185,44.665443,21.699082,12.0,2019.0,2020.0,3.0,2.0,1/month,Covaciu-Marcov et al. 2022,58,https://doi.org/10.1553/ECO.MONT-14-1S4,"Covaciu-Marcov, S.-D. | Ferenți, S. | Cupșa, D. | Cicort-Lucaciu, A-Ș. | Pop, D.-R.",Winter,0,6.786829463051593,6.786829463051593,67.86829463051592
d552deb7-5543-4781-ac63-5bf9dccab680,HumanObservation,Europe,IT,Italy,Garlate,45.810808,9.391678,WGS84,30.0,Salamandra salamandra,Animalia,Chordata,Amphibia,Caudata,Salamandridae,Salamandra salamandra,Salamandra,salamandra,,"Salamandra salamandra (Linnaeus, 1758)","(Linnaeus, 1758)",EXACT,VU,Common Fire Salamander,species,1,2019,1,4.0,Via Galbiate,paved (1 lane),Opportunistic,,,,,,,,,,,,,,,"Manenti, R. | Falaschi, M. | Lapadula, S.",Winter,0,6.014996456311136,6.014996456311136,60.14996456311137
f91ac960-e42e-4e86-bcb6-5930b7ceb6a0,HumanObservation,Europe,RO,Romania,Dubova,44.5475,22.215,WGS84,30.0,Bufo bufo,Animalia,Chordata,Amphibia,Anura,Bufonidae,Bufo bufo,Bufo,bufo,,"Bufo bufo (Linnaeus, 1758)","(Linnaeus, 1758)",EXACT,LC,Common Toad,species,1,2019,1,,DN 57,paved (2 lanes),Systematic,0.5,44.550677,22.21707,44.543968,22.212602,12.0,2019.0,2020.0,3.0,2.0,1/month,Covaciu-Marcov et al. 2022,58,https://doi.org/10.1553/ECO.MONT-14-1S4,"Covaciu-Marcov, S.-D. | Ferenți, S. | Cupșa, D. | Cicort-Lucaciu, A-Ș. | Pop, D.-R.",Winter,0,5.9482530739713315,5.9482530739713315,59.48253073971331
27fd531c-29ef-4319-8bfe-d45b37fa68ce,HumanObservation,Europe,RO,Romania,Dubova,44.5475,22.215,WGS84,30.0,Bufo bufo,Animalia,Chordata,Amphibia,Anura,Bufonidae,Bufo bufo,Bufo,bufo,,"Bufo bufo (Linnaeus, 1758)","(Linnaeus, 1758)",EXACT,LC,Common Toad,species,1,2019,1,,DN 57,paved (2 lanes),Systematic,0.5,44.550677,22.21707,44.543968,22.212602,12.0,2019.0,2020.0,3.0,2.0,1/month,Covaciu-Marcov et al. 2022,58,https://doi.org/10.1553/ECO.MONT-14-1S4,"Covaciu-Marcov, S.-D. | Ferenți, S. | Cupșa, D. | Cicort-Lucaciu, A-Ș. | Pop, D.-R.",Winter,0,5.9482530739713315,5.9482530739713315,59.48253073971331
28f118bc-f6d1-4313-b2a2-e8e190351b5e,HumanObservation,Europe,RO,Romania,Dubova,44.5475,22.215,WGS84,30.0,Bufo bufo,Animalia,Chordata,Amphibia,Anura,Bufonidae,Bufo bufo,Bufo,bufo,,"Bufo bufo (Linnaeus, 1758)","(Linnaeus, 1758)",EXACT,LC,Common Toad,species,1,2019,1,,DN 57,paved (2 lanes),Systematic,0.5,44.550677,22.21707,44.543968,22.212602,12.0,2019.0,2020.0,3.0,2.0,1/month,Covaciu-Marcov et al. 2022,58,https://doi.org/10.1553/ECO.MONT-14-1S4,"Covaciu-Marcov, S.-D. | Ferenți, S. | Cupșa, D. | Cicort-Lucaciu, A-Ș. | Pop, D.-R.",Winter,0,5.9482530739713315,5.9482530739713315,59.48253073971331
dff3a5cd-fb1e-4305-88b0-8fab8fab7157,HumanObservation,Europe,RO,Romania,Dubova,44.5475,22.215,WGS84,30.0,Pelophylax ridibundus,Animalia,Chordata,Amphibia,Anura,Ranidae,Pelophylax ridibundus,Pelophylax,ridibundus,,"Pelophylax ridibundus (Pallas, 1771)","(Pallas, 1771)",EXACT,LC,Marsh Frog,species,1,2019,1,,DN 57,paved (2 lanes),Systematic,0.5,44.550677,22.21707,44.543968,22.212602,12.0,2019.0,2020.0,3.0,2.0,1/month,Covaciu-Marcov et al. 2022,58,https://doi.org/10.1553/ECO.MONT-14-1S4,"Covaciu-Marcov, S.-D. | Ferenți, S. | Cupșa, D. | Cicort-Lucaciu, A-Ș. | Pop, D.-R.",Winter,0,5.9482530739713315,5.9482530739713315,59.48253073971331
85288b95-8c87-4dc0-a571-4f589b26d781,HumanObservation,Europe,RO,Romania,Dubova,44.5475,22.215,WGS84,30.0,Pelophylax ridibundus,Animalia,Chordata,Amphibia,Anura,Ranidae,Pelophylax ridibundus,Pelophylax,ridibundus,,"Pelophylax ridibundus (Pallas, 1771)","(Pallas, 1771)",EXACT,LC,Marsh Frog,species,1,2019,1,,DN 57,paved (2 lanes),Systematic,0.5,44.550677,22.21707,44.543968,22.212602,12.0,2019.0,2020.0,3.0,2.0,1/month,Covaciu-Marcov et al. 2022,58,https://doi.org/10.1553/ECO.MONT-14-1S4,"Covaciu-Marcov, S.-D. | Ferenți, S. | Cupșa, D. | Cicort-Lucaciu, A-Ș. | Pop, D.-R.",Winter,0,5.9482530739713315,5.9482530739713315,59.48253073971331
bd80fdeb-2a4c-4a62-a6f1-0a385df59fa2,HumanObservation,Europe,RO,Romania,Svinița,44.533056,22.073056,WGS84,30.0,Pelophylax ridibundus,Animalia,Chordata,Amphibia,Anura,Ranidae,Pelophylax ridibundus,Pelophylax,ridibundus,,"Pelophylax ridibundus (Pallas, 1771)","(Pallas, 1771)",EXACT,LC,Marsh Frog,species,3,2019,1,,DN 57,paved (2 lanes),Systematic,0.5,44.530244,22.075717,44.534466,22.071678,12.0,2019.0,2020.0,3.0,2.0,1/month,Covaciu-Marcov et al. 2022,58,https://doi.org/10.1553/ECO.MONT-14-1S4,"Covaciu-Marcov, S.-D. | Ferenți, S. | Cupșa, D. | Cicort-Lucaciu, A-Ș. | Pop, D.-R.",Winter,0,5.9482530739713315,5.9482530739713315,59.48253073971331
19d63299-e5e5-4ce9-b655-469efa967b60,HumanObservation,Europe,RO,Romania,Svinița,44.533056,22.073056,WGS84,30.0,Pelophylax ridibundus,Animalia,Chordata,Amphibia,Anura,Ranidae,Pelophylax ridibundus,Pelophylax,ridibundus,,"Pelophylax ridibundus (Pallas, 1771)","(Pallas, 1771)",EXACT,LC,Marsh Frog,species,2,2019,1,,DN 57,paved (2 lanes),Systematic,0.5,44.530244,22.075717,44.534466,22.071678,12.0,2019.0,2020.0,3.0,2.0,1/month,Covaciu-Marcov et al. 2022,58,https://doi.org/10.1553/ECO.MONT-14-1S4,"Covaciu-Marcov, S.-D. | Ferenți, S. | Cupșa, D. | Cicort-Lucaciu, A-Ș. | Pop, D.-R.",Winter,0,5.9482530739713315,5.9482530739713315,59.48253073971331
2deb325c-63d9-4152-b3aa-7ea85b05e79d,HumanObservation,Europe,RO,Romania,Svinița,44.533056,22.073056,WGS84,30.0,Pelophylax ridibundus,Animalia,Chordata,Amphibia,Anura,Ranidae,Pelophylax ridibundus,Pelophylax,ridibundus,,"Pelophylax ridibundus (Pallas, 1771)","(Pallas, 1771)",EXACT,LC,Marsh Frog,species,1,2019,1,,DN 57,paved (2 lanes),Systematic,0.5,44.530244,22.075717,44.534466,22.071678,12.0,2019.0,2020.0,3.0,2.0,1/month,Covaciu-Marcov et al. 2022,58,https://doi.org/10.1553/ECO.MONT-14-1S4,"Covaciu-Marcov, S.-D. | Ferenți, S. | Cupșa, D. | Cicort-Lucaciu, A-Ș. | Pop, D.-R.",Winter,0,5.9482530739713315,5.9482530739713315,59.48253073971331
d7628e83-5947-4d23-ac37-b3fddd6901c8,HumanObservation,Europe,RO,Romania,Svinița,44.533056,22.073056,WGS84,30.0,Pelophylax ridibundus,Animalia,Chordata,Amphibia,Anura,Ranidae,Pelophylax ridibundus,Pelophylax,ridibundus,,"Pelophylax ridibundus (Pallas, 1771)","(Pallas, 1771)",EXACT,LC,Marsh Frog,species,1,2019,1,,DN 57,paved (2 lanes),Systematic,0.5,44.530244,22.075717,44.534466,22.071678,12.0,2019.0,2020.0,3.0,2.0,1/month,Covaciu-Marcov et al. 2022,58,https://doi.org/10.1553/ECO.MONT-14-1S4,"Covaciu-Marcov, S.-D. | Ferenți, S. | Cupșa, D. | Cicort-Lucaciu, A-Ș. | Pop, D.-R.",Winter,0,5.9482530739713315,5.9482530739713315,59.48253073971331
3014628c-5d00-4925-bac5-3b23ab392ef7,HumanObservation,Europe,RO,Romania,Dubova,44.5475,22.215,WGS84,30.0,Pelophylax ridibundus,Animalia,Chordata,Amphibia,Anura,Ranidae,Pelophylax ridibundus,Pelophylax,ridibundus,,"Pelophylax ridibundus (Pallas, 1771)","(Pallas, 1771)",EXACT,LC,Marsh Frog,species,3,2019,1,,DN 57,paved (2 lanes),Systematic,0.5,44.550677,22.21707,44.543968,22.212602,12.0,2019.0,2020.0,3.0,2.0,1/month,Covaciu-Marcov et al. 2022,58,https://doi.org/10.1553/ECO.MONT-14-1S4,"Covaciu-Marcov, S.-D. | Ferenți, S. | Cupșa, D. | Cicort-Lucaciu, A-Ș. | Pop, D.-R.",Winter,0,5.9482530739713315,5.9482530739713315,59.48253073971331
e6bcfe67-3b7d-4343-97de-97a8d1e60a88,HumanObservation,Europe,IT,Italy,Garlate,45.810973,9.390047,WGS84,30.0,Salamandra salamandra,Animalia,Chordata,Amphibia,Caudata,Salamandridae,Salamandra salamandra,Salamandra,salamandra,,"Salamandra salamandra (Linnaeus, 1758)","(Linnaeus, 1758)",EXACT,VU,Common Fire Salamander,species,1,2020,1,13.0,Via Galbiate,paved (1 lane),Opportunistic,,,,,,,,,,,,,,,"Manenti, R. | Falaschi, M. | Lapadula, S.",Winter,0,5.638440879440951,5.638440879440951,56.38440879440951
3a94d4e1-6a1d-4222-b1c9-35f0af1e0833,HumanObservation,Europe,IT,Italy,Garlate,45.810973,9.390047,WGS84,30.0,Salamandra salamandra,Animalia,Chordata,Amphibia,Caudata,Salamandridae,Salamandra salamandra,Salamandra,salamandra,,"Salamandra salamandra (Linnaeus, 1758)","(Linnaeus, 1758)",EXACT,VU,Common Fire Salamander,species,2,2022,1,9.0,Via Galbiate,paved (1 lane),Opportunistic,,,,,,,,,,,,,,,"Manenti, R. | Falaschi, M. | Lapadula, S.",Winter,0,5.638440879440951,5.638440879440951,56.38440879440951
5b639d68-b8b1-4df6-9c92-cadf1d26c90c,HumanObservation,Europe,PL,Poland,Polanica-Zdrój,50.42008,16.520226,WGS84,30.0,Natrix natrix,Animalia,Chordata,Reptilia,Squamata,Colubridae,Natrix natrix,Natrix,natrix,,"Natrix natrix (Linnaeus, 1758)","(Linnaeus, 1758)",EXACT,LC,Grass Snake,species,1,2016,1,,,paved (1 lane),Opportunistic,,,,,,,,,,,,,,,"Kolenda, K. | Kaczmarski, M.",Winter,0,5.467391994664794,5.467391994664794,54.67391994664794
840e7376-ac43-45ed-ac2d-58c793484d2b,HumanObservation,Europe,IT,Italy,Brianzola,45.760636,9.351588,WGS84,30.0,Salamandra salamandra,Animalia,Chordata,Amphibia,Caudata,Salamandridae,Salamandra salamandra,Salamandra,salamandra,,"Salamandra salamandra (Linnaeus, 1758)","(Linnaeus, 1758)",EXACT,VU,Common Fire Salamander,species,1,2019,1,5.0,Via Prealpi,paved (1 lane),Opportunistic,,,,,,,,,,,,,,,"Manenti, R. | Falaschi, M. | Lapadula, S.",Winter,0,5.400686108226942,5.400686108226942,54.00686108226942
f6bdb9ef-08e1-4555-9873-ad6633d0412f,HumanObservation,Europe,IT,Italy,Brianzola,45.761492,9.351125,WGS84,30.0,Salamandra salamandra,Animalia,Chordata,Amphibia,Caudata,Salamandridae,Salamandra salamandra,Salamandra,salamandra,,"Salamandra salamandra (Linnaeus, 1758)","(Linnaeus, 1758)",EXACT,VU,Common Fire Salamander,species,1,2022,1,18.0,Via Prealpi,paved (1 lane),Opportunistic,,,,,,,,,,,,,,,"Manenti, R. | Falaschi, M. | Lapadula, S.",Winter,0,5.400686108226942,5.400686108226942,54.00686108226942
fab9255d-aa03-406f-98ee-d9aade3cdb66,HumanObservation,Europe,IT,Italy,Brianzola,45.760686,9.351595,WGS84,30.0,Salamandra salamandra,Animalia,Chordata,Amphibia,Caudata,Salamandridae,Salamandra salamandra,Salamandra,salamandra,,"Salamandra salamandra (Linnaeus, 1758)","(Linnaeus, 1758)",EXACT,VU,Common Fire Salamander,species,1,2021,1,20.0,Via Prealpi,paved (1 lane),Opportunistic,,,,,,,,,,,,,,,"Manenti, R. | Falaschi, M. | Lapadula, S.",Winter,0,5.400686108226942,5.400686108226942,54.00686108226942
e3015c32-c8a2-4146-b79c-6642292cd609,HumanObservation,Europe,IT,Italy,Raveo,46.450548,12.827176,WGS84,30.0,Salamandra salamandra,Animalia,Chordata,Amphibia,Caudata,Salamandridae,Salamandra salamandra,Salamandra,salamandra,,"Salamandra salamandra (Linnaeus, 1758)","(Linnaeus, 1758)",EXACT,VU,Common Fire Salamander,species,1,2001,1,21.0,,unpaved,Systematic,,,,,,547.0,2000.0,2001.0,4.0,10.0,2/year,Rassati 2016,161,,"Rassati, G.",Winter,0,5.354558224603179,5.354558224603179,53.545582246031785
12741855-3980-4777-81c4-f8f5437cb7a9,HumanObservation,Europe,IT,Italy,Raveo,46.442,12.874709,WGS84,30.0,Salamandra salamandra,Animalia,Chordata,Amphibia,Caudata,Salamandridae,Salamandra salamandra,Salamandra,salamandra,,"Salamandra salamandra (Linnaeus, 1758)","(Linnaeus, 1758)",EXACT,VU,Common Fire Salamander,species,1,2000,1,23.0,,unpaved,Systematic,,,,,,547.0,2000.0,2001.0,4.0,10.0,2/year,Rassati 2016,161,,"Rassati, G.",Winter,0,5.354558224603179,5.354558224603179,53.545582246031785
d7d59c73-bb7b-4d9a-985f-e08337ab38dc,HumanObservation,Europe,IT,Italy,Raveo,46.441964,12.875151,WGS84,30.0,Salamandra salamandra,Animalia,Chordata,Amphibia,Caudata,Salamandridae,Salamandra salamandra,Salamandra,salamandra,,"Salamandra salamandra (Linnaeus, 1758)","(Linnaeus, 1758)",EXACT,VU,Common Fire Salamander,species,2,2001,1,21.0,,unpaved,Systematic,,,,,,547.0,2000.0,2001.0,4.0,10.0,2/year,Rassati 2016,161,,"Rassati, G.",Winter,0,5.354558224603179,5.354558224603179,53.545582246031785
361f7345-fa99-4b5d-81e3-53cb75871788,HumanObservation,Europe,IT,Italy,Raveo,46.446096,12.874445,WGS84,30.0,Bufo bufo,Animalia,Chordata,Amphibia,Anura,Bufonidae,Bufo bufo,Bufo,bufo,,"Bufo bufo (Linnaeus, 1758)","(Linnaeus, 1758)",EXACT,LC,Common Toad,species,1,2000,1,22.0,,unpaved,Systematic,,,,,,547.0,2000.0,2001.0,4.0,10.0,2/year,Rassati 2016,161,,"Rassati, G.",Winter,0,5.354558224603179,5.354558224603179,53.545582246031785
520ea7bb-3838-4cbc-b95c-01a331984d02,HumanObservation,Europe,IT,Italy,Raveo,46.448618,12.836626,WGS84,30.0,Bufo bufo,Animalia,Chordata,Amphibia,Anura,Bufonidae,Bufo bufo,Bufo,bufo,,"Bufo bufo (Linnaeus, 1758)","(Linnaeus, 1758)",EXACT,LC,Common Toad,species,1,2000,1,23.0,,unpaved,Systematic,,,,,,547.0,2000.0,2001.0,4.0,10.0,2/year,Rassati 2016,161,,"Rassati, G.",Winter,0,5.354558224603179,5.354558224603179,53.545582246031785
5672f57e-80f7-443b-9050-defa3c3b4362,HumanObservation,Europe,IT,Italy,Raveo,46.442706,12.875143,WGS84,30.0,Bufo bufo,Animalia,Chordata,Amphibia,Anura,Bufonidae,Bufo bufo,Bufo,bufo,,"Bufo bufo (Linnaeus, 1758)","(Linnaeus, 1758)",EXACT,LC,Common Toad,species,2,2001,1,29.0,,unpaved,Systematic,,,,,,547.0,2000.0,2001.0,4.0,10.0,2/year,Rassati 2016,161,,"Rassati, G.",Winter,0,5.354558224603179,5.354558224603179,53.545582246031785
29fe670f-7b95-4aab-92e7-8d77401244ff,HumanObservation,Europe,IT,Italy,Raveo,46.442308,12.874733,WGS84,30.0,Salamandra salamandra,Animalia,Chordata,Amphibia,Caudata,Salamandridae,Salamandra salamandra,Salamandra,salamandra,,"Salamandra salamandra (Linnaeus, 1758)","(Linnaeus, 1758)",EXACT,VU,Common Fire Salamander,species,2,2000,1,22.0,,unpaved,Systematic,,,,,,547.0,2000.0,2001.0,4.0,10.0,2/year,Rassati 2016,161,,"Rassati, G.",Winter,0,5.354558224603179,5.354558224603179,53.545582246031785
5f3409b5-ba76-45fa-b2a2-18d9d8938448,HumanObservation,Europe,IT,Italy,Raveo,46.450525,12.827415,WGS84,30.0,Salamandra salamandra,Animalia,Chordata,Amphibia,Caudata,Salamandridae,Salamandra salamandra,Salamandra,salamandra,,"Salamandra salamandra (Linnaeus, 1758)","(Linnaeus, 1758)",EXACT,VU,Common Fire Salamander,species,1,2000,1,22.0,,unpaved,Systematic,,,,,,547.0,2000.0,2001.0,4.0,10.0,2/year,Rassati 2016,161,,"Rassati, G.",Winter,0,5.354558224603179,5.354558224603179,53.545582246031785
3e1d1ceb-7d80-4f72-bc5c-b28f075679a0,HumanObservation,Europe,IT,Italy,Nesolio,45.824096,9.45421,WGS84,30.0,Salamandra salamandra,Animalia,Chordata,Amphibia,Caudata,Salamandridae,Salamandra salamandra,Salamandra,salamandra,,"Salamandra salamandra (Linnaeus, 1758)","(Linnaeus, 1758)",EXACT,VU,Common Fire Salamander,species,1,2021,1,25.0,Via Cereda,paved (1 lane),Opportunistic,,,,,,,,,,,,,,,"Manenti, R. | Falaschi, M. | Lapadula, S.",Winter,0,5.239017196903488,5.239017196903488,52.39017196903488
83ec251d-cecd-42b1-ac7d-4f16d8732312,HumanObservation,Europe,PL,Poland,Lwówek Śląski County,50.869104,15.354564,WGS84,30.0,Vipera berus,Animalia,Chordata,Reptilia,Squamata,Viperidae,Vipera berus,Vipera,berus,,"Vipera berus (Linnaeus, 1758)","(Linnaeus, 1758)",EXACT,NT,Lotiev's Viper,species,1,2020,1,21.0,,paved (1 lane),Opportunistic,,,,,,,,,,,,,,,"Kolenda, K. | Kaczmarski, M.",Winter,0,5.117061768811803,5.117061768811803,51.170617688118035
8fa0521d-6ea9-42b4-b1f9-4cc3a5d6e03d,HumanObservation,Europe,PL,Poland,Międzyrzecz County,52.6442,15.51224,WGS84,30.0,Coronella austriaca,Animalia,Chordata,Reptilia,Squamata,Colubridae,Coronella austriaca,Coronella,austriaca,,"Coronella austriaca Laurenti, 1768","Laurenti, 1768",EXACT,LC,Smooth Snake,species,1,2023,1,30.0,,unpaved,Opportunistic,,,,,,,,,,,,,,,"Mysłajek, R.W. | Nowak, S.",Winter,0,5.109272605051387,5.109272605051387,51.09272605051387
8be7bd20-2845-40b5-b32d-e4e60f9f7ac6,HumanObservation,Europe,PL,Poland,Bieniów,51.73462,15.18042,WGS84,30.0,Canis lupus,Animalia,Chordata,Mammalia,Carnivora,Canidae,Canis lupus,Canis,lupus,,"Canis lupus Linnaeus, 1758","Linnaeus, 1758",EXACT,LC,Grey Wolf,species,1,2023,1,27.0,27,paved (1 lane),Opportunistic,,,,,,,,,,,,,,,"Mysłajek, R.W. | Nowak, S.",Winter,0,5.0720015694193865,5.0720015694193865,50.72001569419386
cf11d133-67e9-4b28-8558-5bf10ca6a0c9,HumanObservation,Europe,PL,Poland,Lubomyśl,51.66364,15.14619,WGS84,30.0,Canis lupus,Animalia,Chordata,Mammalia,Carnivora,Canidae,Canis lupus,Canis,lupus,,"Canis lupus Linnaeus, 1758","Linnaeus, 1758",EXACT,LC,Grey Wolf,species,1,2023,1,6.0,27,paved (1 lane),Opportunistic,,,,,,,,,,,,,,,"Mysłajek, R.W. | Nowak, S.",Winter,0,5.0720015694193865,5.0720015694193865,50.72001569419386
5f1244b4-2867-4b01-bac0-7843d95c6019,HumanObservation,Europe,IT,Italy,Cascina Padule,45.747099,8.974312,WGS84,30.0,Bufo bufo,Animalia,Chordata,Amphibia,Anura,Bufonidae,Bufo bufo,Bufo,bufo,,"Bufo bufo (Linnaeus, 1758)","(Linnaeus, 1758)",EXACT,LC,Common Toad,species,1,2023,1,26.0,Via Varese,paved (1 lane),Opportunistic,,,,,,,,,,,,,,,"Manenti, R. | Falaschi, M. | Lapadula, S.",Winter,0,5.036950185343356,5.036950185343356,50.36950185343356
38c29896-e0a8-431d-a537-04cc2208e531,HumanObservation,Europe,IT,Italy,Cascina Padule,45.747099,8.974312,WGS84,30.0,Rana dalmatina,Animalia,Chordata,Amphibia,Anura,Ranidae,Rana dalmatina,Rana,dalmatina,,"Rana dalmatina Fitzinger, 1838","Fitzinger, 1838",EXACT,LC,Agile Frog,species,1,2023,1,26.0,Via Varese,paved (1 lane),Opportunistic,,,,,,,,,,,,,,,"Manenti, R. | Falaschi, M. | Lapadula, S.",Winter,0,5.036950185343356,5.036950185343356,50.36950185343356
